#,Name,Type 1,Type 2,Total,HP,Attack,Defense,Sp. Atk,Sp. Def,Speed,Ability1,Ability2,Ability3,Generation,Legendary,Mythical
1,Bulbasaur,Grass,Poison,318,45,49,49,65,65,45,Overgrow,Chlorophyll,,1,FALSE,FALSE
2,Ivysaur,Grass,Poison,405,60,62,63,80,80,60,Overgrow,Chlorophyll,,1,FALSE,FALSE
3,Venusaur,Grass,Poison,525,80,82,83,100,100,80,Overgrow,Chlorophyll,,1,FALSE,FALSE
3.1,Mega Venusaur,Grass,Poison,625,80,100,123,122,120,80,Thick Fat,,,1,FALSE,FALSE
4,Charmander,Fire,,309,39,52,43,60,50,65,Blaze,Solar Power,,1,FALSE,FALSE
5,Charmeleon,Fire,,405,58,64,58,80,65,80,Blaze,Solar Power,,1,FALSE,FALSE
6,Charizard,Fire,Flying,534,78,84,78,109,85,100,Blaze,Solar Power,,1,FALSE,FALSE
6.1,Mega Charizard X,Fire,Dragon,634,78,130,111,130,85,100,Touch Claws,,,1,FALSE,FALSE
6.2,Mega Charizard Y,Fire,Flying,634,78,104,78,159,115,100,Drought,,,1,FALSE,FALSE
7,Squirtle,Water,,314,44,48,65,50,64,43,Torrent,Rain Dish,,1,FALSE,FALSE
8,Wartortle,Water,,405,59,63,80,65,80,58,Torrent,Rain Dish,,1,FALSE,FALSE
9,Blastoise,Water,,530,79,83,100,85,105,78,Torrent,Rain Dish,,1,FALSE,FALSE
9.1,Mega Blastoise,Water,,630,79,103,120,135,115,78,Mega Launcher,,,1,FALSE,FALSE
10,Caterpie,Bug,,195,45,30,35,20,20,45,Shield Dust,Run Away,,1,FALSE,FALSE
11,Metapod,Bug,,205,50,20,55,25,25,30,Shed Skin,,,1,FALSE,FALSE
12,Butterfree,Bug,Flying,395,60,45,50,90,80,70,Compound Eyes,Tinted Lens,,1,FALSE,FALSE
13,Weedle,Bug,Poison,195,40,35,30,20,20,50,Shield Dust,Run Away,,1,FALSE,FALSE
14,Kakuna,Bug,Poison,205,45,25,50,25,25,35,Shed Skin,,,1,FALSE,FALSE
15,Beedrill,Bug,Poison,395,65,90,40,45,80,75,Swarm,Sniper,,1,FALSE,FALSE
15.1,Mega Beedrill,Bug,Poison,495,65,150,40,15,80,145,Adaptability,,,1,FALSE,FALSE
16,Pidgey,Normal,Flying,251,40,45,40,35,35,56,Keen Eye,Tangled Feet,Big Pecks,1,FALSE,FALSE
17,Pidgeotto,Normal,Flying,349,63,60,55,50,50,71,Keen Eye,Tangled Feet,Big Pecks,1,FALSE,FALSE
18,Pidgeot,Normal,Flying,479,83,80,75,70,70,101,Keen Eye,Tangled Feet,Big Pecks,1,FALSE,FALSE
18.1,Mega Pidgeot,Normal,Flying,579,83,80,80,135,80,121,No Guard,,,1,FALSE,FALSE
19,Rattata,Normal,,253,30,56,35,25,35,72,Run Away,Guts,Hustle,1,FALSE,FALSE
19.1,Alolan Rattata,Dark,Normal,253,30,56,35,25,35,72,Gluttony,Hustle,Thick Fat,1,FALSE,FALSE
20,Raticate,Normal,,413,55,81,60,50,70,97,Run Away,Guts,Hustle,1,FALSE,FALSE
20.1,Alolan Raticate,Dark,Normal,408,75,71,70,40,80,72,Gluttony,Hustle,Thick Fat,1,FALSE,FALSE
21,Spearow,Normal,Flying,262,40,60,30,31,31,70,Keen Eye,Sniper,,1,FALSE,FALSE
22,Fearow,Normal,Flying,442,65,90,65,61,61,100,Keen Eye,Sniper,,1,FALSE,FALSE
23,Ekans,Poison,,288,35,60,44,40,54,55,Intimidate,Shed Skin,Unnerve,1,FALSE,FALSE
24,Arbok,Poison,,448,60,95,69,65,79,80,Intimidate,Shed Skin,Unnerve,1,FALSE,FALSE
25,Pikachu,Electric,,320,35,55,40,50,50,90,Static,Lightning Rod,,1,FALSE,FALSE
26,Raichu,Electric,,485,60,90,55,90,80,110,Static,Lightning Rod,,1,FALSE,FALSE
26.1,Alolan Raichu,Electric,Psychic,450,60,85,50,95,50,110,Surge Surfer,,,1,FALSE,FALSE
27,Sandshrew,Ground,,300,50,75,85,20,30,40,Sand Veil,Sand Rush,,1,FALSE,FALSE
27.1,Alolan Sandshrew,Ice,Steel,300,50,75,90,10,35,40,Snow Cloak,Slush Rush,,1,FALSE,FALSE
28,Sandslash,Ground,,450,75,100,110,45,55,65,Sand Veil,Sand Rush,,1,FALSE,FALSE
28.1,Alolan Sandslash,Ice,Steel,450,75,100,120,25,65,65,Snow Cloak,Slush Rush,,1,FALSE,FALSE
29,Nidoran-F,Poison,,275,55,47,52,40,40,41,Poison Point,Rivalry,Hustle,1,FALSE,FALSE
30,Nidorina,Poison,,365,70,62,67,55,55,56,Poison Point,Rivalry,Hustle,1,FALSE,FALSE
31,Nidoqueen,Poison,Ground,505,90,92,87,75,85,76,Poison Point,Rivalry,Sheer Force,1,FALSE,FALSE
32,Nidoran-M,Poison,,273,46,57,40,40,40,50,Poison Point,Rivalry,Hustle,1,FALSE,FALSE
33,Nidorino,Poison,,365,61,72,57,55,55,65,Poison Point,Rivalry,Hustle,1,FALSE,FALSE
34,Nidoking,Poison,Ground,505,81,102,77,85,75,85,Poison Point,Rivalry,Sheer Force,1,FALSE,FALSE
35,Clefairy,Fairy,,323,70,45,48,60,65,35,Cute Charm,Magic Guard,Friend Guard,1,FALSE,FALSE
36,Clefable,Fairy,,483,95,70,73,95,90,60,Cute Charm,Magic Guard,Unaware,1,FALSE,FALSE
37,Vulpix,Fire,,299,38,41,40,50,65,65,Flash Fire,Drought,,1,FALSE,FALSE
38,Ninetales,Fire,,505,73,76,75,81,100,100,Flash Fire,Drought,,1,FALSE,FALSE
39,Jigglypuff,Normal,Fairy,270,115,45,20,45,25,20,Cute Charm,Competitive,Friend Guard,1,FALSE,FALSE
40,Wigglytuff,Normal,Fairy,435,140,70,45,85,50,45,Cute Charm,Competitive,Frisk,1,FALSE,FALSE
41,Zubat,Poison,Flying,245,40,45,35,30,40,55,Inner Focus,Infiltrator,,1,FALSE,FALSE
42,Golbat,Poison,Flying,455,75,80,70,65,75,90,Inner Focus,Infiltrator,,1,FALSE,FALSE
43,Oddish,Grass,Poison,320,45,50,55,75,65,30,Chlorophyll,Run Away,,1,FALSE,FALSE
44,Gloom,Grass,Poison,395,60,65,70,85,75,40,Chlorophyll,Stench,,1,FALSE,FALSE
45,Vileplume,Grass,Poison,490,75,80,85,110,90,50,Chlorophyll,Effect Spore,,1,FALSE,FALSE
46,Paras,Bug,Grass,285,35,70,55,45,55,25,Effect Spore,Dry Skin,Damp,1,FALSE,FALSE
47,Parasect,Bug,Grass,405,60,95,80,60,80,30,Effect Spore,Dry Skin,Damp,1,FALSE,FALSE
48,Venonat,Bug,Poison,305,60,55,50,40,55,45,Compound Eyes,Tinted Lens,Run Away,1,FALSE,FALSE
49,Venomoth,Bug,Poison,450,70,65,60,90,75,90,Shield Dust,Tinted Lens,Wonder Skin,1,FALSE,FALSE
50,Diglett,Ground,,265,10,55,25,35,45,95,Sand Veil,Arena Trap,Sand Force,1,FALSE,FALSE
50.1,Alolan Diglett,Ground,Steel,265,10,55,30,35,45,90,Sand Veil,Tangling Hair,Sand Force,1,FALSE,FALSE
51,Dugtrio,Ground,,425,35,100,50,50,70,120,Sand Veil,Arena Trap,Sand Force,1,FALSE,FALSE
51.1,Alolan Dugtrio,Ground,Steel,425,35,100,60,50,70,110,Sand Veil,Tangling Hair,Sand Force,1,FALSE,FALSE
52,Meowth,Normal,,290,40,45,35,40,40,90,Pickup,Technician,Unnerve,1,FALSE,FALSE
52.1,Alolan Meowth,Dark,,290,40,35,35,50,40,90,Pickup,Technician,Rattled,1,FALSE,FALSE
52.2,Galarian Meowth,Steel,,290,40,45,35,40,40,90,Pickup,Gluttony,Quick Feet,1,FALSE,FALSE
53,Persian,Normal,,440,65,70,60,65,65,115,Limber,Technician,Unnerve,1,FALSE,FALSE
53.1,Alolan Persian,Dark,,440,65,60,60,75,65,115,Fur Coat,Technician,Rattled,1,FALSE,FALSE
54,Psyduck,Water,,320,50,52,48,65,50,55,Damp,Cloud Nine,Swift Swim,1,FALSE,FALSE
55,Golduck,Water,,500,80,82,78,95,80,85,Damp,Cloud Nine,Swift Swim,1,FALSE,FALSE
56,Mankey,Fighting,,305,40,80,35,35,45,70,Vital Spirit,Anger Point,Defiant,1,FALSE,FALSE
57,Primeape,Fighting,,455,65,105,60,60,70,95,Vital Spirit,Anger Point,Defiant,1,FALSE,FALSE
58,Growlithe,Fire,,350,55,70,45,70,50,60,Intimidate,Flash Fire,Justified,1,FALSE,FALSE
59,Arcanine,Fire,,555,90,110,80,100,80,95,Intimidate,Flash Fire,Justified,1,FALSE,FALSE
60,Poliwag,Water,,300,40,50,40,40,40,90,Water Absorb,Damp,Swift Swim,1,FALSE,FALSE
61,Poliwhirl,Water,,385,65,65,65,50,50,90,Water Absorb,Damp,Swift Swim,1,FALSE,FALSE
62,Poliwrath,Water,Fighting,510,90,95,95,70,90,70,Water Absorb,Damp,Swift Swim,1,FALSE,FALSE
63,Abra,Psychic,,310,25,20,15,105,55,90,Synchronize,Inner Focus,Magic Guard,1,FALSE,FALSE
64,Kadabra,Psychic,,400,40,35,30,120,70,105,Synchronize,Inner Focus,Magic Guard,1,FALSE,FALSE
65,Alakazam,Psychic,,500,55,50,45,135,95,120,Synchronize,Inner Focus,Magic Guard,1,FALSE,FALSE
65.1,Mega Alakazam,Psychic,,590,55,50,65,175,95,150,Trace,,,1,FALSE,FALSE
66,Machop,Fighting,,305,70,80,50,35,35,35,Guts,No Guard,Steadfast,1,FALSE,FALSE
67,Machoke,Fighting,,405,80,100,70,50,60,45,Guts,No Guard,Steadfast,1,FALSE,FALSE
68,Machamp,Fighting,,505,90,130,80,65,85,55,Guts,No Guard,Steadfast,1,FALSE,FALSE
69,Bellsprout,Grass,Poison,300,50,75,35,70,30,40,Chlorophyll,Gluttony,,1,FALSE,FALSE
70,Weepinbell,Grass,Poison,390,65,90,50,85,45,55,Chlorophyll,Gluttony,,1,FALSE,FALSE
71,Victreebel,Grass,Poison,490,80,105,65,100,70,70,Chlorophyll,Gluttony,,1,FALSE,FALSE
72,Tentacool,Water,Poison,335,40,40,35,50,100,70,Clear Body,Liquid Ooze,Rain Dish,1,FALSE,FALSE
73,Tentacruel,Water,Poison,515,80,70,65,80,120,100,Clear Body,Liquid Ooze,Rain Dish,1,FALSE,FALSE
74,Geodude,Rock,Ground,300,40,80,100,30,30,20,Rock Head,Sturdy,Sand Veil,1,FALSE,FALSE
74.1,Alolan Geodude,Rock,Electric,300,40,80,100,30,30,20,Magnet Pull,Sturdy,Galvanize,1,FALSE,FALSE
75,Graveler,Rock,Ground,390,55,95,115,45,45,35,Rock Head,Sturdy,Sand Veil,1,FALSE,FALSE
75.1,Alolan Graveler,Rock,Electric,390,55,95,115,45,45,35,Magnet Pull,Sturdy,Galvanize,1,FALSE,FALSE
76,Golem,Rock,Ground,495,80,120,130,55,65,45,Rock Head,Sturdy,Sand Veil,1,FALSE,FALSE
76.1,Alolan Golem,Rock,Electric,495,80,120,130,55,65,45,Magnet Pull,Sturdy,Galvanize,1,FALSE,FALSE
77,Ponyta,Fire,,410,50,85,55,65,65,90,Run Away,Flash Fire,Flame Body,1,FALSE,FALSE
77.1,Galarian Ponyta,Psychic,,410,50,85,55,65,65,90,Run Away,Pastel Veil,Anticipation,1,FALSE,FALSE
78,Rapidash,Fire,,500,65,100,70,80,80,105,Run Away,Flash Fire,Flame Body,1,FALSE,FALSE
78.1,Galarian Rapidash,Psychic,Fairy,500,65,100,70,80,80,105,Run Away, Pastel Veil,Anticipation,1,FALSE,FALSE
79,Slowpoke,Water,Psychic,315,90,65,65,40,40,15,Oblivious,Own Tempo,Regenerator,1,FALSE,FALSE
80,Slowbro,Water,Psychic,490,95,75,110,100,80,30,Oblivious,Own Tempo,Regenerator,1,FALSE,FALSE
80.1,Mega Slowbro,Water,Psychic,590,95,75,180,130,80,30,Shell Armor,,,1,FALSE,FALSE
81,Magnemite,Electric,Steel,325,25,35,70,95,55,45,Magnet Pull,Sturdy,Analytic,1,FALSE,FALSE
82,Magneton,Electric,Steel,465,50,60,95,120,70,70,Magnet Pull,Sturdy,Analytic,1,FALSE,FALSE
83,Farfetch'd,Normal,Flying,377,52,90,55,58,62,60,Keen Eye,Inner Focus,Defiant,1,FALSE,FALSE
83.1,Galarian Farfetch'd,Fighting,,377,52,90,55,58,62,60,Steadfast,Scrappy,,1,FALSE,FALSE
84,Doduo,Normal,Flying,310,35,85,45,35,35,75,Run Away,Early Bird,Tangled Feet,1,FALSE,FALSE
85,Dodrio,Normal,Flying,470,60,110,70,60,60,110,Run Away,Early Bird,Tangled Feet,1,FALSE,FALSE
86,Seel,Water,,325,65,45,55,45,70,45,Thick Fat,Hydration,Ice Body,1,FALSE,FALSE
87,Dewgong,Water,Ice,475,90,70,80,70,95,70,Thick Fat,Hydration,Ice Body,1,FALSE,FALSE
88,Grimer,Poison,,325,80,80,50,40,50,25,Stench,Sticky Hold,Poison Touch,1,FALSE,FALSE
88.1,Alolan Grimer,Poison,Dark,325,80,80,50,40,50,25,Gluttony,Poison Touch,Power Of Alchemy,1,FALSE,FALSE
89,Muk,Poison,,500,105,105,75,65,100,50,Stench,Sticky Hold,Poison Touch,1,FALSE,FALSE
89.1,Alolan Muk,Poison,Dark,500,105,105,75,65,100,50,Gluttony,Poison Touch, Power Of Alchemy,1,FALSE,FALSE
90,Shellder,Water,,305,30,65,100,45,25,40,Shell Armor,Skill Link,Overcoat,1,FALSE,FALSE
91,Cloyster,Water,Ice,525,50,95,180,85,45,70,Shell Armor,Skill Link,Overcoat,1,FALSE,FALSE
92,Gastly,Ghost,Poison,310,30,35,30,100,35,80,Levitate,,,1,FALSE,FALSE
93,Haunter,Ghost,Poison,405,45,50,45,115,55,95,Levitate,,,1,FALSE,FALSE
94,Gengar,Ghost,Poison,500,60,65,60,130,75,110,Cursed Body,,,1,FALSE,FALSE
94.1,Mega Gengar,Ghost,Poison,600,60,65,80,170,95,130,Shadow Tag,,,1,FALSE,FALSE
95,Onix,Rock,Ground,385,35,45,160,30,45,70,Rock Head,Sturdy,Weak Armor,1,FALSE,FALSE
96,Drowzee,Psychic,,328,60,48,45,43,90,42,Insomnia,Forewarn,Inner Focus,1,FALSE,FALSE
97,Hypno,Psychic,,483,85,73,70,73,115,67,Insomnia,Forewarn,Inner Focus,1,FALSE,FALSE
98,Krabby,Water,,325,30,105,90,25,25,50,Hyper Cutter,Shell Armor,Sheer Force,1,FALSE,FALSE
99,Kingler,Water,,475,55,130,115,50,50,75,Hyper Cutter,Shell Armor,Sheer Force,1,FALSE,FALSE
100,Voltorb,Electric,,330,40,30,50,55,55,100,Soundproof,Static,Aftermath,1,FALSE,FALSE
101,Electrode,Electric,,490,60,50,70,80,80,150,Soundproof,Static,Aftermath,1,FALSE,FALSE
102,Exeggcute,Grass,Psychic,325,60,40,80,60,45,40,Chlorophyll,Harvest,,1,FALSE,FALSE
103,Exeggutor,Grass,Psychic,530,95,95,85,125,75,55,Chlorophyll,Harvest,,1,FALSE,FALSE
103.1,Alolan Exeggutor,Grass,Dragon,530,95,105,85,125,75,45,Frisk,Harvest,,1,FALSE,FALSE
104,Cubone,Ground,,320,50,50,95,40,50,35,Rock Head,Lightning Rod,Battle Armor,1,FALSE,FALSE
105,Marowak,Ground,,425,60,80,110,50,80,45,Rock Head,Lightning Rod,Battle Armor,1,FALSE,FALSE
105.1,Alolan Marowak,Fire,Ghost,425,60,80,110,50,80,45,Cursed Body,Lightning Rod,Rock Head,1,FALSE,FALSE
106,Hitmonlee,Fighting,,455,50,120,53,35,110,87,Limber,Reckless,Unburden,1,FALSE,FALSE
107,Hitmonchan,Fighting,,455,50,105,79,35,110,76,Keen Eye,Iron Fist,Inner Focus,1,FALSE,FALSE
108,Lickitung,Normal,,385,90,55,75,60,75,30,Own Tempo,Oblivious,Cloud Nine,1,FALSE,FALSE
109,Koffing,Poison,,340,40,65,95,60,45,35,Levitate,,,1,FALSE,FALSE
110,Weezing,Poison,,490,65,90,120,85,70,60,Levitate,,,1,FALSE,FALSE
110.1,Galarian Weezing,Poison,Fairy,490,65,90,120,85,70,60,Levitate,Neutralizing Gas,Misty Surge,1,FALSE,FALSE
111,Rhyhorn,Ground,Rock,345,80,85,95,30,30,25,Lightning Rod,Rock Head,Reckless,1,FALSE,FALSE
112,Rhydon,Ground,Rock,485,105,130,120,45,45,40,Lightning Rod,Rock Head,Reckless,1,FALSE,FALSE
113,Chansey,Normal,,450,250,5,5,35,105,50,Natural Cure,Serene Grace,Healer,1,FALSE,FALSE
114,Tangela,Grass,,435,65,55,115,100,40,60,Chlorophyll,Leaf Guard,Regenerator,1,FALSE,FALSE
115,Kangaskhan,Normal,,490,105,95,80,40,80,90,Early Bird,Scrappy,Inner Focus,1,FALSE,FALSE
115.1,Mega Kangaskhan,Normal,,590,105,125,100,60,100,100,Parental Bond,,,1,FALSE,FALSE
116,Horsea,Water,,295,30,40,70,70,25,60,Swift Swim,Sniper,Damp,1,FALSE,FALSE
117,Seadra,Water,,440,55,65,95,95,45,85,Poison Point,Sniper,Damp,1,FALSE,FALSE
118,Goldeen,Water,,320,45,67,60,35,50,63,Swift Swim,Water Veil,Lightning Rod,1,FALSE,FALSE
119,Seaking,Water,,450,80,92,65,65,80,68,Swift Swim,Water Veil,Lightning Rod,1,FALSE,FALSE
120,Staryu,Water,,340,30,45,55,70,55,85,Illuminate,Natural Cure,Analytic,1,FALSE,FALSE
121,Starmie,Water,Psychic,520,60,75,85,100,85,115,Illuminate,Natural Cure,Analytic,1,FALSE,FALSE
122,Mr. Mime,Psychic,Fairy,460,40,45,65,100,120,90,Soundproof,Filter,Technician,1,FALSE,FALSE
122.1,Galarian Mr. Mine, Ice,Psychic,440,50,45,65,90,90,100,Vital Spirit,Screen Cleaner,Ice Body,1,FALSE,FALSE
123,Scyther,Flying,Bug,500,70,110,80,55,80,105,Swarm,Technician,Steadfast,1,FALSE,FALSE
124,Jynx,Psychic,Ice,455,65,50,35,115,95,95,Oblivious,Forewarn,Dry Skin,1,FALSE,FALSE
125,Electabuzz,Electric,,490,65,83,57,95,85,105,Static,Vital Spirit,,1,FALSE,FALSE
126,Magmar,Fire,,495,65,95,57,100,85,93,Flame Body,Vital Spirit,,1,FALSE,FALSE
127,Pinsir,Bug,,500,65,125,100,55,70,85,Hyper Cutter,Mold Breaker,Moxie,1,FALSE,FALSE
127.1,Mega Pinsir,Bug,Flying,600,65,155,120,65,90,105,Aerilate,,,1,FALSE,FALSE
128,Tauros,Normal,,490,75,100,95,40,70,110,Intimidate,Anger Point,Sheer Force,1,FALSE,FALSE
129,Magikarp,Water,,200,20,10,55,15,20,80,Swift Swim,Rattled,,1,FALSE,FALSE
130,Gyarados,Water,Flying,540,95,125,79,60,100,81,Intimidate,Moxie,,1,FALSE,FALSE
130.1,Mega Gyarados,Water,Dark,640,95,155,109,70,130,81,Mold Breaker,,,1,FALSE,FALSE
131,Lapras,Water,Ice,535,130,85,80,85,95,60,Water Absorb,Shell Armor,Hydration,1,FALSE,FALSE
132,Ditto,Normal,,288,48,48,48,48,48,48,Limber,Imposter,,1,FALSE,FALSE
133,Eevee,Normal,,325,55,55,50,45,65,55,Run Away,Adaptability,Anticipation,1,FALSE,FALSE
134,Vaporeon,Water,,525,130,65,60,110,95,65,Water Absorb,Hydration,,1,FALSE,FALSE
135,Jolteon,Electric,,525,65,65,60,110,95,130,Volt Absorb,Quick Feet,,1,FALSE,FALSE
136,Flareon,Fire,,525,65,130,60,95,110,65,Flash Fire,Guts,,1,FALSE,FALSE
137,Porygon,Normal,,395,65,60,70,85,75,40,Trace,Download,Analytic,1,FALSE,FALSE
138,Omanyte,Rock,Water,355,35,40,100,90,55,35,Swift Swim,Shell Armor,Weak Armor,1,FALSE,FALSE
139,Omastar,Rock,Water,495,70,60,125,115,70,55,Swift Swim,Shell Armor,Weak Armor,1,FALSE,FALSE
140,Kabuto,Rock,Water,355,30,80,90,55,45,55,Swift Swim,Battle Armor,Weak Armor,1,FALSE,FALSE
141,Kabutops,Rock,Water,495,60,115,105,65,70,80,Swift Swim,Battle Armor,Weak Armor,1,FALSE,FALSE
142,Aerodactyl,Rock,Flying,515,80,105,65,60,75,130,Rock Head,Pressure,Unnerve,1,FALSE,FALSE
142.1,Mega Aerodactyl,Rock,Flying,615,80,135,85,70,95,150,Touch Claws,,,1,FALSE,FALSE
143,Snorlax,Normal,,540,160,110,65,65,110,30,Immunity,Thick Fat,Gluttony,1,FALSE,FALSE
144,Articuno,Ice,Flying,580,90,85,100,95,125,85,Pressure,Snow Cloak,,1,TRUE,FALSE
145,Zapdos,Electric,Flying,580,90,90,85,125,90,100,Pressure,Static,,1,TRUE,FALSE
146,Moltres,Fire,Flying,580,90,100,90,125,85,90,Pressure,Flame Body,,1,TRUE,FALSE
147,Dratini,Dragon,,300,41,64,45,50,50,50,Shed Skin,Marvel Scale,,1,FALSE,FALSE
148,Dragonair,Dragon,,420,61,84,65,70,70,70,Shed Skin,Marvel Scale,,1,FALSE,FALSE
149,Dragonite,Dragon,Flying,600,91,134,95,100,100,80,Inner Focus,Multiscale,,1,FALSE,FALSE
150,Mewtwo,Psychic,,680,106,110,90,154,90,130,Pressure,Unnerve,,1,TRUE,FALSE
150.1,Mega Mewtwo X,Psychic,Fighting,780,106,190,100,154,100,130,Steadfast,,,1,TRUE,FALSE
150.2,Mega Mewtwo Y,Psychic,,780,106,150,70,194,120,140,Insomnia,,,1,TRUE,FALSE
151,Mew,Psychic,,600,100,100,100,100,100,100,Synchronize,,,1,TRUE,TRUE
152,Chikorita,Grass,,318,45,49,65,49,65,45,Overgrow,Leaf Guard,,2,FALSE,FALSE
153,Bayleef,Grass,,405,60,62,80,63,80,60,Overgrow,Leaf Guard,,2,FALSE,FALSE
154,Meganium,Grass,,525,80,82,100,83,100,80,Overgrow,Leaf Guard,,2,FALSE,FALSE
155,Cyndaquil,Fire,,309,39,52,43,60,50,65,Blaze,Flash Fire,,2,FALSE,FALSE
156,Quilava,Fire,,405,58,64,58,80,65,80,Blaze,Flash Fire,,2,FALSE,FALSE
157,Typhlosion,Fire,,534,78,84,78,109,85,100,Blaze,Flash Fire,,2,FALSE,FALSE
158,Totodile,Water,,314,50,65,64,44,48,43,Torrent,Sheer Force,,2,FALSE,FALSE
159,Croconaw,Water,,405,65,80,80,59,63,58,Torrent,Sheer Force,,2,FALSE,FALSE
160,Feraligatr,Water,,530,85,105,100,79,83,78,Torrent,Sheer Force,,2,FALSE,FALSE
161,Sentret,Normal,,215,35,46,34,35,45,20,Run Away,Keen Eye,Frisk,2,FALSE,FALSE
162,Furret,Normal,,415,85,76,64,45,55,90,Run Away,Keen Eye,Frisk,2,FALSE,FALSE
163,Hoothoot,Normal,Flying,262,60,30,30,36,56,50,Insomnia,Keen Eye,Tinted Lens,2,FALSE,FALSE
164,Noctowl,Normal,Flying,452,100,50,50,86,96,70,Insomnia,Keen Eye,Tinted Lens,2,FALSE,FALSE
165,Ledyba,Bug,Flying,265,40,20,30,40,80,55,Swarm,Early Bird,Rattled,2,FALSE,FALSE
166,Ledian,Bug,Flying,390,55,35,50,55,110,85,Swarm,Early Bird,Iron Fist,2,FALSE,FALSE
167,Spinarak,Bug,Poison,250,40,60,40,40,40,30,Swarm,Insomnia,Sniper,2,FALSE,FALSE
168,Ariados,Bug,Poison,400,70,90,70,60,70,40,Swarm,Insomnia,Sniper,2,FALSE,FALSE
169,Crobat,Poison,Flying,535,85,90,80,70,80,130,Inner Focus,Infiltrator,,2,FALSE,FALSE
170,Chinchou,Water,Electric,330,75,38,38,56,56,67,Volt Absorb,Illuminate,Water Absorb,2,FALSE,FALSE
171,Lanturn,Water,Electric,460,125,58,58,76,76,67,Volt Absorb,Illuminate,Water Absorb,2,FALSE,FALSE
172,Pichu,Electric,,205,20,40,15,35,35,60,Static,Lightning Rod,,2,FALSE,FALSE
173,Cleffa,Fairy,,218,50,25,28,45,55,15,Cute Charm,Magic Guard,Friend Guard,2,FALSE,FALSE
174,Igglybuff,Normal,Fairy,210,90,30,15,40,20,15,Cute Charm,Competitive,Friend Guard,2,FALSE,FALSE
175,Togepi,Fairy,,245,35,20,65,40,65,20,Hustle,Serene Grace,Super Luck,2,FALSE,FALSE
176,Togetic,Fairy,Flying,405,55,40,85,80,105,40,Hustle,Serene Grace,Super Luck,2,FALSE,FALSE
177,Natu,Psychic,Flying,320,40,50,45,70,45,70,Synchronize,Early Bird,Magic Bounce,2,FALSE,FALSE
178,Xatu,Psychic,Flying,470,65,75,70,95,70,95,Synchronize,Early Bird,Magic Bounce,2,FALSE,FALSE
179,Mareep,Electric,,280,55,40,40,65,45,35,Static,Plus,,2,FALSE,FALSE
180,Flaaffy,Electric,,365,70,55,55,80,60,45,Static,Plus,,2,FALSE,FALSE
181,Ampharos,Electric,,510,90,75,85,115,90,55,Static,Plus,,2,FALSE,FALSE
181.1,Mega Ampharos,Electric,Dragon,610,90,95,105,165,110,45,Mold Breaker,,,2,FALSE,FALSE
182,Bellossom,Grass,,490,75,80,95,90,100,50,Chlorophyll,Healer,,2,FALSE,FALSE
183,Marill,Water,Fairy,250,70,20,50,20,50,40,Thick Fat,Huge Power,Sap Sipper,2,FALSE,FALSE
184,Azumarill,Water,Fairy,420,100,50,80,60,80,50,Thick Fat,Huge Power,Sap Sipper,2,FALSE,FALSE
185,Sudowoodo,Rock,,410,70,100,115,30,65,30,Sturdy,Rock Head,Rattled,2,FALSE,FALSE
186,Politoed,Water,,500,90,75,75,90,100,70,Water Absorb,Damp,Drizzle,2,FALSE,FALSE
187,Hoppip,Grass,Flying,250,35,35,40,35,55,50,Chlorophyll,Leaf Guard,Infiltrator,2,FALSE,FALSE
188,Skiploom,Grass,Flying,340,55,45,50,45,65,80,Chlorophyll,Leaf Guard,Infiltrator,2,FALSE,FALSE
189,Jumpluff,Grass,Flying,460,75,55,70,55,95,110,Chlorophyll,Leaf Guard,Infiltrator,2,FALSE,FALSE
190,Aipom,Normal,,360,55,70,55,40,55,85,Run Away,Pickup,Skill Link,2,FALSE,FALSE
191,Sunkern,Grass,,180,30,30,30,30,30,30,Chlorophyll,Solar Power,Early Bird,2,FALSE,FALSE
192,Sunflora,Grass,,425,75,75,55,105,85,30,Chlorophyll,Solar Power,Early Bird,2,FALSE,FALSE
193,Yanma,Bug,Flying,390,65,65,45,75,45,95,Speed Boost,Compound Eyes,Frisk,2,FALSE,FALSE
194,Wooper,Water,Ground,210,55,45,45,25,25,15,Damp,Water Absorb,Unaware,2,FALSE,FALSE
195,Quagsire,Water,Ground,430,95,85,85,65,65,35,Damp,Water Absorb,Unaware,2,FALSE,FALSE
196,Espeon,Psychic,,525,65,65,60,130,95,110,Synchronize,Magic Bounce,,2,FALSE,FALSE
197,Umbreon,Dark,,525,95,65,110,60,130,65,Synchronize,Inner Focus,,2,FALSE,FALSE
198,Murkrow,Dark,Flying,405,60,85,42,85,42,91,Insomnia,Super Luck,Prankster,2,FALSE,FALSE
199,Slowking,Water,Psychic,490,95,75,80,100,110,30,Oblivious,Own Tempo,Regenerator,2,FALSE,FALSE
200,Misdreavus,Ghost,,435,60,60,60,85,85,85,Levitate,,,2,FALSE,FALSE
201,Unown,Psychic,,336,48,72,48,72,48,48,Levitate,,,2,FALSE,FALSE
202,Wobbuffet,Psychic,,405,190,33,58,33,58,33,Shadow Tag,Telepathy,,2,FALSE,FALSE
203,Girafarig,Normal,Psychic,455,70,80,65,90,65,85,Inner Focus,Early Bird,Sap Sipper,2,FALSE,FALSE
204,Pineco,Bug,,290,50,65,90,35,35,15,Sturdy,Overcoat,,2,FALSE,FALSE
205,Forretress,Bug,Steel,465,75,90,140,60,60,40,Sturdy,Overcoat,,2,FALSE,FALSE
206,Dunsparce,Normal,,415,100,70,70,65,65,45,Serene Grace,Run Away,Rattled,2,FALSE,FALSE
207,Gligar,Ground,Flying,430,65,75,105,35,65,85,Hyper Cutter,Sand Veil,Immunity,2,FALSE,FALSE
208,Steelix,Steel,Ground,510,75,85,200,55,65,30,Rock Head,Sturdy,Sheer Force,2,FALSE,FALSE
208.1,Mega Steelix,Steel,Ground,610,75,125,230,55,95,30,Sand Force,,,2,FALSE,FALSE
209,Snubbull,Fairy,,300,60,80,50,40,40,30,Intimidate,Run Away,Rattled,2,FALSE,FALSE
210,Granbull,Fairy,,450,90,120,75,60,60,45,Intimidate,Quick Feet,Rattled,2,FALSE,FALSE
211,Qwilfish,Water,Poison,440,65,95,85,55,55,85,Poison Point,Swift Swim,Intimidate,2,FALSE,FALSE
212,Scizor,Bug,Steel,500,70,130,100,55,80,65,Swarm,Technician,Light Metal,2,FALSE,FALSE
212.1,Mega Scizor,Bug,Steel,600,70,150,140,65,100,75,Technician,,,2,FALSE,FALSE
213,Shuckle,Bug,Rock,505,20,10,230,10,230,5,Sturdy,Gluttony,Contrary,2,FALSE,FALSE
214,Heracross,Bug,Fighting,500,80,125,75,40,95,85,Swarm,Guts,Moxie,2,FALSE,FALSE
214.1,Mega Heracross,Bug,Fighting,600,80,185,115,40,105,75,Skill Link,,,2,FALSE,FALSE
215,Sneasel,Dark,Ice,430,55,95,55,35,75,115,Inner Focus,Keen Eye,Pickpocket,2,FALSE,FALSE
216,Teddiursa,Normal,,330,60,80,50,50,50,40,Pickup,Quick Feet,Honey Gather,2,FALSE,FALSE
217,Ursaring,Normal,,500,90,130,75,75,75,55,Guts,Quick Feet,Unnerve,2,FALSE,FALSE
218,Slugma,Fire,,250,40,40,40,70,40,20,Magma Armor,Flame Body,Weak Armor,2,FALSE,FALSE
219,Magcargo,Fire,Rock,430,60,50,120,90,80,30,Magma Armor,Flame Body,Weak Armor,2,FALSE,FALSE
220,Swinub,Ice,Ground,250,50,50,40,30,30,50,Oblivious,Snow Cloak,Thick Fat,2,FALSE,FALSE
221,Piloswine,Ice,Ground,450,100,100,80,60,60,50,Oblivious,Snow Cloak,Thick Fat,2,FALSE,FALSE
222,Corsola,Water,Rock,410,65,55,95,65,95,35,Hustle,Natural Cure,Regenerator,2,FALSE,FALSE
222.1,Galarian Corsola,Ghost,,410,60,55,100,65,100,30,Weak Armor,Cursed Body,,2,FALSE,FALSE
223,Remoraid,Water,,300,35,65,35,65,35,65,Hustle,Sniper,Moody,2,FALSE,FALSE
224,Octillery,Water,,480,75,105,75,105,75,45,Suction Cups,Sniper,Moody,2,FALSE,FALSE
225,Delibird,Ice,Flying,330,45,55,45,65,45,75,Vital Spirit,Hustle,Insomnia,2,FALSE,FALSE
226,Mantine,Water,Flying,485,85,40,70,80,140,70,Swift Swim,Water Absorb,Water Veil,2,FALSE,FALSE
227,Skarmory,Steel,Flying,465,65,80,140,40,70,70,Keen Eye,Sturdy,Weak Armor,2,FALSE,FALSE
228,Houndour,Dark,Fire,330,45,60,30,80,50,65,Early Bird,Flash Fire,Unnerve,2,FALSE,FALSE
229,Houndoom,Dark,Fire,500,75,90,50,110,80,95,Early Bird,Flash Fire,Unnerve,2,FALSE,FALSE
229.1,Mega Houndoom,Dark,Fire,600,75,90,90,140,90,115,Solar Power,,,2,FALSE,FALSE
230,Kingdra,Water,Dragon,540,75,95,95,95,95,85,Swift Swim,Sniper,Damp,2,FALSE,FALSE
231,Phanpy,Ground,,330,90,60,60,40,40,40,Pickup,Sand Veil,,2,FALSE,FALSE
232,Donphan,Ground,,500,90,120,120,60,60,50,Sturdy,Sand Veil,,2,FALSE,FALSE
233,Porygon2,Normal,,515,85,80,90,105,95,60,Trace,Download,Analytic,2,FALSE,FALSE
234,Stantler,Normal,,465,73,95,62,85,65,85,Intimidate,Frisk,Sap Sipper,2,FALSE,FALSE
235,Smeargle,Normal,,250,55,20,35,20,45,75,Own Tempo,Technician,Moody,2,FALSE,FALSE
236,Tyrogue,Fighting,,210,35,35,35,35,35,35,Guts,Steadfast,Vital Spirit,2,FALSE,FALSE
237,Hitmontop,Fighting,,455,50,95,95,35,110,70,Intimidate,Technician,Steadfast,2,FALSE,FALSE
238,Smoochum,Ice,Psychic,305,45,30,15,85,65,65,Oblivious,Forewarn,Hydration,2,FALSE,FALSE
239,Elekid,Electric,,360,45,63,37,65,55,95,Static,Vital Spirit,,2,FALSE,FALSE
240,Magby,Fire,,365,45,75,37,70,55,83,Flame Body,Vital Spirit,,2,FALSE,FALSE
241,Miltank,Normal,,490,95,80,105,40,70,100,Thick Fat,Scrappy,Sap Sipper,2,FALSE,FALSE
242,Blissey,Normal,,540,255,10,10,75,135,55,Natural Cure,Serene Grace,Healer,2,FALSE,FALSE
243,Raikou,Electric,,580,90,85,75,115,100,115,Pressure,Inner Focus,,2,TRUE,FALSE
244,Entei,Fire,,580,115,115,85,90,75,100,Pressure,Inner Focus,,2,TRUE,FALSE
245,Suicune,Water,,580,100,75,115,90,115,85,Pressure,Inner Focus,,2,TRUE,FALSE
246,Larvitar,Rock,Ground,300,50,64,50,45,50,41,Guts,Sand Veil,,2,FALSE,FALSE
247,Pupitar,Rock,Ground,410,70,84,70,65,70,51,Shed Skin,,,2,FALSE,FALSE
248,Tyranitar,Rock,Dark,600,100,134,110,95,100,61,Sand Stream,Unnerve,,2,FALSE,FALSE
248.1,Mega Tyranitar,Rock,Dark,700,100,164,150,95,120,71,Sand Stream,,,2,FALSE,FALSE
249,Lugia,Psychic,Flying,680,106,90,130,90,154,110,Pressure,Multiscale,,2,TRUE,FALSE
250,Ho-Oh,Fire,Flying,680,106,130,90,110,154,90,Pressure,Regenerator,,2,TRUE,FALSE
251,Celebi,Psychic,Grass,600,100,100,100,100,100,100,Natural Cure,,,2,TRUE,TRUE
252,Treecko,Grass,,310,40,45,35,65,55,70,Overgrow,Unburden,,3,FALSE,FALSE
253,Grovyle,Grass,,405,50,65,45,85,65,95,Overgrow,Unburden,,3,FALSE,FALSE
254,Sceptile,Grass,,530,70,85,65,105,85,120,Overgrow,Unburden,,3,FALSE,FALSE
254.1,Mega Sceptile,Grass,Dragon,630,70,110,75,145,85,145,Lightning Rod,,,3,FALSE,FALSE
255,Torchic,Fire,,310,45,60,40,70,50,45,Blaze,Speed Boost,,3,FALSE,FALSE
256,Combusken,Fire,Fighting,405,60,85,60,85,60,55,Blaze,Speed Boost,,3,FALSE,FALSE
257,Blaziken,Fire,Fighting,530,80,120,70,110,70,80,Blaze,Speed Boost,,3,FALSE,FALSE
257.1,Mega Blaziken,Fire,Fighting,630,80,160,80,130,80,100,Speed Boost,,,3,FALSE,FALSE
258,Mudkip,Water,,310,50,70,50,50,50,40,Torrent,Damp,,3,FALSE,FALSE
259,Marshtomp,Water,Ground,405,70,85,70,60,70,50,Torrent,Damp,,3,FALSE,FALSE
260,Swampert,Water,Ground,535,100,110,90,85,90,60,Torrent,Damp,,3,FALSE,FALSE
260.1,Mega Swampert,Water,Ground,635,100,150,110,95,110,70,Swift Swim,,,3,FALSE,FALSE
261,Poochyena,Dark,,220,35,55,35,30,30,35,Run Away,Quick Feet,Rattled,3,FALSE,FALSE
262,Mightyena,Dark,,420,70,90,70,60,60,70,Intimidate,Quick Feet,Moxie,3,FALSE,FALSE
263,Zigzagoon,Normal,,240,38,30,41,30,41,60,Pickup,Gluttony,Quick Feet,3,FALSE,FALSE
263.1,Galarian Zigzagoon,Dark,Normal,240,38,30,41,30,41,60,Pickup,Gluttony,Quick Feet,3,FALSE,FALSE
264,Linoone,Normal,,420,78,70,61,50,61,100,Pickup,Gluttony,Quick Feet,3,FALSE,FALSE
264.1,Galarian Linoone, Dark,Normal,420,78,70,61,50,61,100,Pickup,Gluttony,Quick Feet,3,FALSE,FALSE
265,Wurmple,Bug,,195,45,45,35,20,30,20,Shield Dust,Run Away,,3,FALSE,FALSE
266,Silcoon,Bug,,205,50,35,55,25,25,15,Shed Skin,,,3,FALSE,FALSE
267,Beautifly,Bug,Flying,395,60,70,50,100,50,65,Swarm,Rivalry,,3,FALSE,FALSE
268,Cascoon,Bug,,205,50,35,55,25,25,15,Shed Skin,,,3,FALSE,FALSE
269,Dustox,Bug,Poison,385,60,50,70,50,90,65,Shield Dust,Compound Eyes,,3,FALSE,FALSE
270,Lotad,Water,Grass,220,40,30,30,40,50,30,Swift Swim,Rain Dish,Own Tempo,3,FALSE,FALSE
271,Lombre,Water,Grass,340,60,50,50,60,70,50,Swift Swim,Rain Dish,Own Tempo,3,FALSE,FALSE
272,Ludicolo,Water,Grass,480,80,70,70,90,100,70,Swift Swim,Rain Dish,Own Tempo,3,FALSE,FALSE
273,Seedot,Grass,,220,40,40,50,30,30,30,Chlorophyll,Early Bird,Pickpocket,3,FALSE,FALSE
274,Nuzleaf,Dark,Grass,340,70,70,40,60,40,60,Chlorophyll,Early Bird,Pickpocket,3,FALSE,FALSE
275,Shiftry,Grass,Dark,480,90,100,60,90,60,80,Chlorophyll,Early Bird,Pickpocket,3,FALSE,FALSE
276,Taillow,Normal,Flying,270,40,55,30,30,30,85,Guts,Scrappy,,3,FALSE,FALSE
277,Swellow,Normal,Flying,455,60,85,60,75,50,125,Guts,Scrappy,,3,FALSE,FALSE
278,Wingull,Water,Flying,270,40,30,30,55,30,85,Keen Eye,Hydration,Rain Dish,3,FALSE,FALSE
279,Pelipper,Water,Flying,440,60,50,100,95,70,65,Keen Eye,Drizzle,Rain Dish,3,FALSE,FALSE
280,Ralts,Psychic,Fairy,198,28,25,25,45,35,40,Synchronize,Trace,Telepathy,3,FALSE,FALSE
281,Kirlia,Psychic,Fairy,278,38,35,35,65,55,50,Synchronize,Trace,Telepathy,3,FALSE,FALSE
282,Gardevoir,Psychic,Fairy,518,68,65,65,125,115,80,Synchronize,Trace,Telepathy,3,FALSE,FALSE
282.1,Mega Gardevoir,Psychic,Fairy,618,68,85,65,165,135,100,Pixilate,,,3,FALSE,FALSE
283,Surskit,Bug,Water,269,40,30,32,50,52,65,Swift Swim,Rain Dish,,3,FALSE,FALSE
284,Masquerain,Bug,Flying,454,70,60,62,100,82,80,Intimidate,Unnerve,,3,FALSE,FALSE
285,Shroomish,Grass,,295,60,40,60,40,60,35,Effect Spore,Poison Heal,Quick Feet,3,FALSE,FALSE
286,Breloom,Grass,Fighting,460,60,130,80,60,60,70,Effect Spore,Poison Heal,Technician,3,FALSE,FALSE
287,Slakoth,Normal,,280,60,60,60,35,35,30,Truant,,,3,FALSE,FALSE
288,Vigoroth,Normal,,440,80,80,80,55,55,90,Vital Spirit,,,3,FALSE,FALSE
289,Slaking,Normal,,670,150,160,100,95,65,100,Truant,,,3,FALSE,FALSE
290,Nincada,Bug,Ground,266,31,45,90,30,30,40,Compound Eyes,Run Away,,3,FALSE,FALSE
291,Ninjask,Bug,Flying,456,61,90,45,50,50,160,Speed Boost,Infiltrator,,3,FALSE,FALSE
292,Shedinja,Bug,Ghost,236,1,90,45,30,30,40,Wonder Guard,,,3,FALSE,FALSE
293,Whismur,Normal,,240,64,51,23,51,23,28,Soundproof,Rattled,,3,FALSE,FALSE
294,Loudred,Normal,,360,84,71,43,71,43,48,Soundproof,Scrappy,,3,FALSE,FALSE
295,Exploud,Normal,,490,104,91,63,91,73,68,Soundproof,Scrappy,,3,FALSE,FALSE
296,Makuhita,Fighting,,237,72,60,30,20,30,25,Thick Fat,Guts,Sheer Force,3,FALSE,FALSE
297,Hariyama,Fighting,,474,144,120,60,40,60,50,Thick Fat,Guts,Sheer Force,3,FALSE,FALSE
298,Azurill,Normal,Fairy,190,50,20,40,20,40,20,Thick Fat,Huge Power,Sap Sipper,3,FALSE,FALSE
299,Nosepass,Rock,,375,30,45,135,45,90,30,Sturdy,Magnet Pull,Sand Force,3,FALSE,FALSE
300,Skitty,Normal,,260,50,45,45,35,35,50,Cute Charm,Normalize,Wonder Skin,3,FALSE,FALSE
301,Delcatty,Normal,,400,70,65,65,55,55,90,Cute Charm,Normalize,Wonder Skin,3,FALSE,FALSE
302,Sableye,Dark,Ghost,380,50,75,75,65,65,50,Keen Eye,Stall,Prankster,3,FALSE,FALSE
302.1,Mega Sableye,Dark,Ghost,480,50,85,125,85,115,20,Magic Bounce,,,3,FALSE,FALSE
303,Mawile,Steel,Fairy,380,50,85,85,55,55,50,Hyper Cutter,Intimidate,Sheer Force,3,FALSE,FALSE
303.1,Mega Mawile,Steel,Fairy,480,50,105,125,55,95,50,Huge Power,,,3,FALSE,FALSE
304,Aron,Steel,Rock,330,50,70,100,40,40,30,Sturdy,Rock Head,Heavy Metal,3,FALSE,FALSE
305,Lairon,Steel,Rock,430,60,90,140,50,50,40,Sturdy,Rock Head,Heavy Metal,3,FALSE,FALSE
306,Aggron,Steel,Rock,530,70,110,180,60,60,50,Sturdy,Rock Head,Heavy Metal,3,FALSE,FALSE
306.1,Mega Aggron,Steel,,630,70,140,230,60,80,50,Filter,,,3,FALSE,FALSE
307,Meditite,Fighting,Psychic,280,30,40,55,40,55,60,Pure Power,Telepathy,,3,FALSE,FALSE
308,Medicham,Fighting,Psychic,410,60,60,75,60,75,80,Pure Power,Telepathy,,3,FALSE,FALSE
308.1,Mega Medicham,Fighting,Psychic,510,60,100,85,80,85,100,Pure Power,,,3,FALSE,FALSE
309,Electrike,Electric,,295,40,45,40,65,40,65,Static,Lightning Rod,Minus,3,FALSE,FALSE
310,Manectric,Electric,,475,70,75,60,105,60,105,Static,Lightning Rod,Minus,3,FALSE,FALSE
310.1,Mega Manectric,Electric,,575,70,75,80,135,80,135,Intimidate,,,3,FALSE,FALSE
311,Plusle,Electric,,405,60,50,40,85,75,95,Plus,Lightning Rod,,3,FALSE,FALSE
312,Minun,Electric,,405,60,40,50,75,85,95,Minus,Volt Absorb,,3,FALSE,FALSE
313,Volbeat,Bug,,430,65,73,75,47,85,85,Illuminate,Swarm,Prankster,3,FALSE,FALSE
314,Illumise,Bug,,430,65,47,75,73,85,85,Oblivious,Tinted Lens,Prankster,3,FALSE,FALSE
315,Roselia,Grass,Poison,400,50,60,45,100,80,65,Natural Cure,Poison Point,Leaf Guard,3,FALSE,FALSE
316,Gulpin,Poison,,302,70,43,53,43,53,40,Liquid Ooze,Sticky Hold,Gluttony,3,FALSE,FALSE
317,Swalot,Poison,,467,100,73,83,73,83,55,Liquid Ooze,Sticky Hold,Gluttony,3,FALSE,FALSE
318,Carvanha,Water,Dark,305,45,90,20,65,20,65,Rough Skin,Speed Boost,,3,FALSE,FALSE
319,Sharpedo,Water,Dark,460,70,120,40,95,40,95,Rough Skin,Speed Boost,,3,FALSE,FALSE
319.1,Mega Sharpedo,Water,Dark,560,70,140,70,110,65,105,Strong Jaw,,,3,FALSE,FALSE
320,Wailmer,Water,,400,130,70,35,70,35,60,Water Veil,Oblivious,Pressure,3,FALSE,FALSE
321,Wailord,Water,,500,170,90,45,90,45,60,Water Veil,Oblivious,Pressure,3,FALSE,FALSE
322,Numel,Fire,Ground,305,60,60,40,65,45,35,Oblivious,Simple,Own Tempo,3,FALSE,FALSE
323,Camerupt,Fire,Ground,460,70,100,70,105,75,40,Magma Armor,Solid Rock,Anger Point,3,FALSE,FALSE
323.1,Mega Camerupt,Fire,Ground,560,70,120,100,145,105,20,Sheer Force,,,3,FALSE,FALSE
324,Torkoal,Fire,,470,70,85,140,85,70,20,White Smoke,Drought,Shell Armor,3,FALSE,FALSE
325,Spoink,Psychic,,330,60,25,35,70,80,60,Thick Fat,Own Tempo,Gluttony,3,FALSE,FALSE
326,Grumpig,Psychic,,470,80,45,65,90,110,80,Thick Fat,Own Tempo,Gluttony,3,FALSE,FALSE
327,Spinda,Normal,,360,60,60,60,60,60,60,Own Tempo,Tangled Feet,Contrary,3,FALSE,FALSE
328,Trapinch,Ground,,290,45,100,45,45,45,10,Hyper Cutter,Arena Trap,Sheer Force,3,FALSE,FALSE
329,Vibrava,Ground,Dragon,340,50,70,50,50,50,70,Levitate,,,3,FALSE,FALSE
330,Flygon,Ground,Dragon,520,80,100,80,80,80,100,Levitate,,,3,FALSE,FALSE
331,Cacnea,Grass,,335,50,85,40,85,40,35,Sand Veil,Water Absorb,,3,FALSE,FALSE
332,Cacturne,Grass,Dark,475,70,115,60,115,60,55,Sand Veil,Water Absorb,,3,FALSE,FALSE
333,Swablu,Normal,Flying,310,45,40,60,40,75,50,Natural Cure,Cloud Nine,,3,FALSE,FALSE
334,Altaria,Dragon,Flying,490,75,70,90,70,105,80,Natural Cure,Cloud Nine,,3,FALSE,FALSE
334.1,Mega Altaria,Dragon,Fairy,590,75,110,110,110,105,80,Pixilate,,,3,FALSE,FALSE
335,Zangoose,Normal,,458,73,115,60,60,60,90,Immunity,Toxic Boost,,3,FALSE,FALSE
336,Seviper,Poison,,458,73,100,60,100,60,65,Shed Skin,Infiltrator,,3,FALSE,FALSE
337,Lunatone,Rock,Psychic,460,90,55,65,95,85,70,Levitate,,,3,FALSE,FALSE
338,Solrock,Rock,Psychic,460,90,95,85,55,65,70,Levitate,,,3,FALSE,FALSE
339,Barboach,Water,Ground,288,50,48,43,46,41,60,Oblivious,Anticipation,Hydration,3,FALSE,FALSE
340,Whiscash,Water,Ground,468,110,78,73,76,71,60,Oblivious,Anticipation,Hydration,3,FALSE,FALSE
341,Corphish,Water,,308,43,80,65,50,35,35,Hyper Cutter,Shell Armor,Adaptability,3,FALSE,FALSE
342,Crawdaunt,Water,Dark,468,63,120,85,90,55,55,Hyper Cutter,Shell Armor,Adaptability,3,FALSE,FALSE
343,Baltoy,Ground,Psychic,300,40,40,55,40,70,55,Levitate,,,3,FALSE,FALSE
344,Claydol,Ground,Psychic,500,60,70,105,70,120,75,Levitate,,,3,FALSE,FALSE
345,Lileep,Rock,Grass,355,66,41,77,61,87,23,Suction Cups,Storm Drain,,3,FALSE,FALSE
346,Cradily,Rock,Grass,495,86,81,97,81,107,43,Suction Cups,Storm Drain,,3,FALSE,FALSE
347,Anorith,Rock,Bug,355,45,95,50,40,50,75,Battle Armor,Swift Swim,,3,FALSE,FALSE
348,Armaldo,Rock,Bug,495,75,125,100,70,80,45,Battle Armor,Swift Swim,,3,FALSE,FALSE
349,Feebas,Water,,200,20,15,20,10,55,80,Swift Swim,Oblivious,Adaptability,3,FALSE,FALSE
350,Milotic,Water,,540,95,60,79,100,125,81,Marvel Scale,Competitive,Cute Charm,3,FALSE,FALSE
351,Castform,Normal,,420,70,70,70,70,70,70,Forecast,,,3,FALSE,FALSE
352,Kecleon,Normal,,440,60,90,70,60,120,40,Color Change,Protean,,3,FALSE,FALSE
353,Shuppet,Ghost,,295,44,75,35,63,33,45,Insomnia,Frisk,Cursed Body,3,FALSE,FALSE
354,Banette,Ghost,,455,64,115,65,83,63,65,Insomnia,Frisk,Cursed Body,3,FALSE,FALSE
354.1,Mega Banette,Ghost,,555,64,165,75,93,83,75,Prankster,,,3,FALSE,FALSE
355,Duskull,Ghost,,295,20,40,90,30,90,25,Levitate,Frisk,,3,FALSE,FALSE
356,Dusclops,Ghost,,455,40,70,130,60,130,25,Pressure,Frisk,,3,FALSE,FALSE
357,Tropius,Grass,Flying,460,99,68,83,72,87,51,Chlorophyll,Solar Power,Harvest,3,FALSE,FALSE
358,Chimecho,Psychic,,455,75,50,80,95,90,65,Levitate,,,3,FALSE,FALSE
359,Absol,Dark,,465,65,130,60,75,60,75,Pressure,Super Luck,Justified,3,FALSE,FALSE
359.1,Mega Absol,Dark,,565,65,150,60,115,60,115,Magic Bounce,,,3,FALSE,FALSE
360,Wynaut,Psychic,,260,95,23,48,23,48,23,Shadow Tag,Telepathy,,3,FALSE,FALSE
361,Snorunt,Ice,,300,50,50,50,50,50,50,Inner Focus,Ice Body,Moody,3,FALSE,FALSE
362,Glalie,Ice,,480,80,80,80,80,80,80,Inner Focus,Ice Body,Moody,3,FALSE,FALSE
362.1,Glalie,Ice,,580,80,120,80,120,80,100,Refrigerate,,,3,FALSE,FALSE
363,Spheal,Ice,Water,290,70,40,50,55,50,25,Thick Fat,Ice Body,Oblivious,3,FALSE,FALSE
364,Sealeo,Ice,Water,410,90,60,70,75,70,45,Thick Fat,Ice Body,Oblivious,3,FALSE,FALSE
365,Walrein,Ice,Water,530,110,80,90,95,90,65,Thick Fat,Ice Body,Oblivious,3,FALSE,FALSE
366,Clamperl,Water,,345,35,64,85,74,55,32,Shell Armor,Rattled,,3,FALSE,FALSE
367,Huntail,Water,,485,55,104,105,94,75,52,Swift Swim,Water Veil,,3,FALSE,FALSE
368,Gorebyss,Water,,485,55,84,105,114,75,52,Swift Swim,Hydration,,3,FALSE,FALSE
369,Relicanth,Water,Rock,485,100,90,130,45,65,55,Swift Swim,Rock Head,Sturdy,3,FALSE,FALSE
370,Luvdisc,Water,,330,43,30,55,40,65,97,Swift Swim,Hydration,,3,FALSE,FALSE
371,Bagon,Dragon,,300,45,75,60,40,30,50,Rock Head,Sheer Force,,3,FALSE,FALSE
372,Shelgon,Dragon,,420,65,95,100,60,50,50,Rock Head,Overcoat,,3,FALSE,FALSE
373,Salamence,Dragon,Flying,600,95,135,80,110,80,100,Intimidate,Moxie,,3,FALSE,FALSE
373.1,Mega Salamence,Dragon,Flying,700,95,145,130,120,90,120,Aerilate,,,3,FALSE,FALSE
374,Beldum,Steel,Psychic,300,40,55,80,35,60,30,Clear Body,Light Metal,,3,FALSE,FALSE
375,Metang,Steel,Psychic,420,60,75,100,55,80,50,Clear Body,Light Metal,,3,FALSE,FALSE
376,Metagross,Steel,Psychic,600,80,135,130,95,90,70,Clear Body,Light Metal,,3,FALSE,FALSE
376.1,Mega Metagross,Steel,Psychic,700,80,145,150,105,110,110,Tough Claws,,,3,FALSE,FALSE
377,Regirock,Rock,,580,80,100,200,50,100,50,Clear Body,Sturdy,,3,TRUE,FALSE
378,Regice,Ice,,580,80,50,100,100,200,50,Clear Body,Ice Body,,3,TRUE,FALSE
379,Registeel,Steel,,580,80,75,150,75,150,50,Clear Body,Light Metal,,3,Tru,FALSE
380,Latias,Dragon,Psychic,600,80,80,90,110,130,110,Levitate,,,3,TRUE,FALSE
380.1,Mega Latias,Dragon,Psychic,700,80,100,120,140,150,110,Levitate,,,3,TRUE,FALSE
381,Latios,Dragon,Psychic,600,80,90,80,130,110,110,Levitate,,,3,TRUE,FALSE
381.1,Mega Latios,Dragon,Psychic,700,80,130,100,160,120,110,Levitate,,,3,TRUE,FALSE
382,Kyogre,Water,,670,100,100,90,150,140,90,Drizzle,,,3,TRUE,FALSE
382.1,Primal Kyogre,Water,,770,100,150,90,180,160,90,Primordial Sea,,,3,TRUE,FALSE
383,Groudon,Ground,,670,100,150,140,100,90,90,Drought,,,3,TRUE,FALSE
383.1,Primal Groudon,Ground,Fire,770,100,180,160,150,90,90,Desolate Land,,,3,TRUE,FALSE
384,Rayquaza,Dragon,Flying,680,105,150,90,150,90,95,Air Lock,,,3,TRUE,FALSE
384.1,Mega Rayquaza,Dragon,Flying,780,105,180,100,180,100,115,Delta Stream,,,3,TRUE,FALSE
385,Jirachi,Steel,Psychic,600,100,100,100,100,100,100,Serene Grace,,,3,TRUE,TRUE
386,Deoxys Normal Forme,Psychic,,600,50,150,50,150,50,150,Pressure,,,3,TRUE,TRUE
386.1,Deoxys Attack Forme,Psychic,,600,50,180,20,180,20,150,Pressure,,,3,TRUE,TRUE
386.2,Deoxys Defense Forme,Psychic,,600,50,70,160,70,160,90,Pressure,,,3,TRUE,TRUE
386.3,Deoxys Speed Forme,Psychic,,600,50,95,90,95,90,180,Pressure,,,3,TRUE,TRUE
387,Turtwig,Grass,,318,55,68,64,45,55,31,Overgrow,Shell Armor,,4,FALSE,FALSE
388,Grotle,Grass,,405,75,89,85,55,65,36,Overgrow,Shell Armor,,4,FALSE,FALSE
389,Torterra,Grass,Ground,525,95,109,105,75,85,56,Overgrow,Shell Armor,,4,FALSE,FALSE
390,Chimchar,Fire,,309,44,58,44,58,44,61,Blaze,Iron Fist,,4,FALSE,FALSE
391,Monferno,Fire,Fighting,405,64,78,52,78,52,81,Blaze,Iron Fist,,4,FALSE,FALSE
392,Infernape,Fire,Fighting,534,76,104,71,104,71,108,Blaze,Iron Fist,,4,FALSE,FALSE
393,Piplup,Water,,314,53,51,53,61,56,40,Torrent,Defiant,,4,FALSE,FALSE
394,Prinplup,Water,,405,64,66,68,81,76,50,Torrent,Defiant,,4,FALSE,FALSE
395,Empoleon,Water,Steel,530,84,86,88,111,101,60,Torrent,Defiant,,4,FALSE,FALSE
396,Starly,Normal,Flying,245,40,55,30,30,30,60,Keen Eye,Reckless,,4,FALSE,FALSE
397,Staravia,Normal,Flying,340,55,75,50,40,40,80,Intimidate,Reckless,,4,FALSE,FALSE
398,Staraptor,Normal,Flying,485,85,120,70,50,60,100,Intimidate,Reckless,,4,FALSE,FALSE
399,Bidoof,Normal,,250,59,45,40,35,40,31,Simple,Unaware,Moody,4,FALSE,FALSE
400,Bibarel,Normal,Water,410,79,85,60,55,60,71,Simple,Unaware,Moody,4,FALSE,FALSE
401,Kricketot,Bug,,194,37,25,41,25,41,25,Shed Skin,Run Away,,4,FALSE,FALSE
402,Kricketune,Bug,,384,77,85,51,55,51,65,Swarm,Technician,,4,FALSE,FALSE
403,Shinx,Electric,,263,45,65,34,40,34,45,Rivalry,Intimidate,Guts,4,FALSE,FALSE
404,Luxio,Electric,,363,60,85,49,60,49,60,Rivalry,Intimidate,Guts,4,FALSE,FALSE
405,Luxray,Electric,,523,80,120,79,95,79,70,Rivalry,Intimidate,Guts,4,FALSE,FALSE
406,Budew,Grass,Poison,280,40,30,35,50,70,55,Natural Cure,Poison Point,Leaf Guard,4,FALSE,FALSE
407,Roserade,Grass,Poison,515,60,70,65,125,105,90,Natural Cure,Poison Point,Technician,4,FALSE,FALSE
408,Cranidos,Rock,,350,67,125,40,30,30,58,Mold Breaker,Sheer Force,,4,FALSE,FALSE
409,Rampardos,Rock,,495,97,165,60,65,50,58,Mold Breaker,Sheer Force,,4,FALSE,FALSE
410,Shieldon,Rock,Steel,350,30,42,118,42,88,30,Sturdy,Soundproof,,4,FALSE,FALSE
411,Bastiodon,Rock,Steel,495,60,52,168,47,138,30,Sturdy,Soundproof,,4,FALSE,FALSE
412,Burmy,Bug,,224,40,29,45,29,45,36,Shed Skin,Overcoat,,4,FALSE,FALSE
413,Wormadam Plant Cloak,Bug,Grass,424,60,59,85,79,105,36,Anticipation,Overcoat,,4,FALSE,FALSE
413.1,Wormadam Sandy Cloak,Bug,Ground,424,60,79,105,59,85,36,Overcoat,Anticipation,,4,FALSE,FALSE
413.2,Wormadam Trash Cloak,Bug,Steel,424,60,69,95,69,95,36,Overcoat,Anticipation,,4,FALSE,FALSE
414,Mothim,Bug,Flying,424,70,94,50,94,50,66,Swarm,Tinted Lens,,4,FALSE,FALSE
415,Combee,Bug,Flying,244,30,30,42,30,42,70,Honey Gather,Hustle,,4,FALSE,FALSE
416,Vespiquen,Bug,Flying,474,70,80,102,80,102,40,Pressure,Unnerve,,4,FALSE,FALSE
417,Pachirisu,Electric,,405,60,45,70,45,90,95,Run Away,Pickup,Volt Absorb,4,FALSE,FALSE
418,Buizel,Water,,330,55,65,35,60,30,85,Swift Swim,Water Veil,,4,FALSE,FALSE
419,Floatzel,Water,,495,85,105,55,85,50,115,Swift Swim,Water Veil,,4,FALSE,FALSE
420,Cherubi,Grass,,275,45,35,45,62,53,35,Chlorophyll,,,4,FALSE,FALSE
421,Cherrim,Grass,,450,70,60,70,87,78,85,Flower Gift,,,4,FALSE,FALSE
422,Shellos,Water,,325,76,48,48,57,62,34,Sticky Hold,Storm Drain,Sand Force,4,FALSE,FALSE
423,Gastrodon,Water,Ground,475,111,83,68,92,82,39,Sticky Hold,Storm Drain,Sand Force,4,FALSE,FALSE
424,Ambipom,Normal,,482,75,100,66,60,66,115,Technician,Pickup,Skill Link,4,FALSE,FALSE
425,Drifloon,Ghost,Flying,348,90,50,34,60,44,70,Aftermath,Unburden,Flare Boost,4,FALSE,FALSE
426,Drifblim,Ghost,Flying,498,150,80,44,90,54,80,Aftermath,Unburden,Flare Boost,4,FALSE,FALSE
427,Buneary,Normal,,350,55,66,44,44,56,85,Run Away,Klutz,Limber,4,FALSE,FALSE
428,Lopunny,Normal,,480,65,76,84,54,96,105,Cute Charm,Klutz,Limber,4,FALSE,FALSE
428.1,Mega Lopunny,Normal,Fighting,580,65,136,94,54,96,135,Scrappy,,,4,FALSE,FALSE
429,Mismagius,Ghost,,495,60,60,60,105,105,105,Levitate,,,4,FALSE,FALSE
430,Honchkrow,Dark,Flying,505,100,125,52,105,52,71,Insomnia,Super Luck,Moxie,4,FALSE,FALSE
431,Glameow,Normal,,310,49,55,42,42,37,85,Limber,Own Tempo,Keen Eye,4,FALSE,FALSE
432,Purugly,Normal,,452,71,82,64,64,59,112,Thick Fat,Own Tempo,Defiant,4,FALSE,FALSE
433,Chingling,Psychic,,285,45,30,50,65,50,45,Levitate,,,4,FALSE,FALSE
434,Stunky,Poison,Dark,329,63,63,47,41,41,74,Stench,Aftermath,Keen Eye,4,FALSE,FALSE
435,Skuntank,Poison,Dark,479,103,93,67,71,61,84,Stench,Aftermath,Keen Eye,4,FALSE,FALSE
436,Bronzor,Steel,Psychic,300,57,24,86,24,86,23,Levitate,Heatproof,Heavy Metal,4,FALSE,FALSE
437,Bronzong,Steel,Psychic,500,67,89,116,79,116,33,Levitate,Heatproof,Heavy Metal,4,FALSE,FALSE
438,Bonsly,Rock,,290,50,80,95,10,45,10,Sturdy,Rock Head,Rattled,4,FALSE,FALSE
439,Mime-Jr,Psychic,Fairy,310,20,25,45,70,90,60,Soundproof,Filter,Technician,4,FALSE,FALSE
440,Happiny,Normal,,220,100,5,5,15,65,30,Natural Cure,Serene Grace,Friend Guard,4,FALSE,FALSE
441,Chatot,Normal,Flying,411,76,65,45,92,42,91,Keen Eye,Tangled Feet,Big Pecks,4,FALSE,FALSE
442,Spiritomb,Ghost,Dark,485,50,92,108,92,108,35,Pressure,Infiltrator,,4,FALSE,FALSE
443,Gible,Dragon,Ground,300,58,70,45,40,45,42,Sand Veil,Rough Skin,,4,FALSE,FALSE
444,Gabite,Dragon,Ground,410,68,90,65,50,55,82,Sand Veil,Rough Skin,,4,FALSE,FALSE
445,Garchomp,Dragon,Ground,600,108,130,95,80,85,102,Sand Veil,Rough Skin,,4,FALSE,FALSE
445.1,Mega Garchomp,Dragon,Ground,700,108,170,115,120,95,92,Sand Force,,,4,FALSE,FALSE
446,Munchlax,Normal,,390,135,85,40,40,85,5,Pickup,Thick Fat,Gluttony,4,FALSE,FALSE
447,Riolu,Fighting,,285,40,70,40,35,40,60,Steadfast,Inner Focus,Prankster,4,FALSE,FALSE
448,Lucario,Fighting,Steel,525,70,110,70,115,70,90,Steadfast,Inner Focus,Justified,4,FALSE,FALSE
448.1,Mega Lucario,Fighting,Steel,625,70,145,88,140,70,112,Adaptability,,,4,FALSE,FALSE
449,Hippopotas,Ground,,330,68,72,78,38,42,32,Sand Stream,Sand Force,,4,FALSE,FALSE
450,Hippowdon,Ground,,525,108,112,118,68,72,47,Sand Stream,Sand Force,,4,FALSE,FALSE
451,Skorupi,Poison,Bug,330,40,50,90,30,55,65,Battle Armor,Sniper,Keen Eye,4,FALSE,FALSE
452,Drapion,Poison,Dark,500,70,90,110,60,75,95,Battle Armor,Sniper,Keen Eye,4,FALSE,FALSE
453,Croagunk,Poison,Fighting,300,48,61,40,61,40,50,Anticipation,Dry Skin,Poison Touch,4,FALSE,FALSE
454,Toxicroak,Poison,Fighting,490,83,106,65,86,65,85,Anticipation,Dry Skin,Poison Touch,4,FALSE,FALSE
455,Carnivine,Grass,,454,74,100,72,90,72,46,Levitate,,,4,FALSE,FALSE
456,Finneon,Water,,330,49,49,56,49,61,66,Swift Swim,Storm Drain,Water Veil,4,FALSE,FALSE
457,Lumineon,Water,,460,69,69,76,69,86,91,Swift Swim,Storm Drain,Water Veil,4,FALSE,FALSE
458,Mantyke,Water,Flying,345,45,20,50,60,120,50,Swift Swim,Water Absorb,Water Veil,4,FALSE,FALSE
459,Snover,Grass,Ice,334,60,62,50,62,60,40,Snow Warning,Soundproof,,4,FALSE,FALSE
460,Abomasnow,Grass,Ice,494,90,92,75,92,85,60,Snow Warning,Soundproof,,4,FALSE,FALSE
460.1,Mega Abomasnow,Ice,Grass,594,90,132,105,132,105,30,Snow Warning,,,4,FALSE,FALSE
461,Weavile,Dark,Ice,510,70,120,65,45,85,125,Pressure,Pickpocket,,4,FALSE,FALSE
462,Magnezone,Electric,Steel,535,70,70,115,130,90,60,Magnet Pull,Sturdy,Analytic,4,FALSE,FALSE
463,Lickilicky,Normal,,515,110,85,95,80,95,50,Own Tempo,Oblivious,Cloud Nine,4,FALSE,FALSE
464,Rhyperior,Ground,Rock,535,115,140,130,55,55,40,Lightning Rod,Solid Rock,Reckless,4,FALSE,FALSE
465,Tangrowth,Grass,,535,100,100,125,110,50,50,Chlorophyll,Leaf Guard,Regenerator,4,FALSE,FALSE
466,Electivire,Electric,,540,75,123,67,95,85,95,Motor Drive,Vital Spirit,,4,FALSE,FALSE
467,Magmortar,Fire,,540,75,95,67,125,95,83,Flame Body,Vital Spirit,,4,FALSE,FALSE
468,Togekiss,Fairy,Flying,545,85,50,95,120,115,80,Hustle,Serene Grace,Super Luck,4,FALSE,FALSE
469,Yanmega,Bug,Flying,515,86,76,86,116,56,95,Speed Boost,Tinted Lens,Frisk,4,FALSE,FALSE
470,Leafeon,Grass,,525,65,110,130,60,65,95,Leaf Guard,Chlorophyll,,4,FALSE,FALSE
471,Glaceon,Ice,,525,65,60,110,130,95,65,Snow Cloak,Ice Body,,4,FALSE,FALSE
472,Gliscor,Ground,Flying,510,75,95,125,45,75,95,Hyper Cutter,Sand Veil,Poison Heal,4,FALSE,FALSE
473,Mamoswine,Ground,Ice,530,110,130,80,70,60,80,Oblivious,Snow Cloak,Thick Fat,4,FALSE,FALSE
474,Porygon-Z,Normal,,535,85,80,70,135,75,90,Adaptability,Download,Analytic,4,FALSE,FALSE
475,Gallade,Psychic,Fighting,518,68,125,65,65,115,80,Steadfast,Justified,,4,FALSE,FALSE
475.1,Mega Gallade,Psychic,Fighting,618,68,165,95,65,115,110,Inner Focus,,,4,FALSE,FALSE
476,Probopass,Rock,Steel,525,60,55,145,75,150,40,Sturdy,Magnet Pull,Sand Force,4,FALSE,FALSE
477,Dusknoir,Ghost,,525,45,100,135,65,135,45,Pressure,Frisk,,4,FALSE,FALSE
478,Froslass,Ice,Ghost,480,70,80,70,80,70,110,Snow Cloak,Cursed Body,,4,FALSE,FALSE
479,Rotom,Electric,Ghost,440,50,50,77,95,77,91,Levitate,,,4,FALSE,FALSE
479.1,Heat Rotom,Electric,Fire,520,50,65,107,105,107,86,Pressure,,,4,FALSE,FALSE
479.2,Rotom Wash Rotom,Electric,Water,520,50,65,107,105,107,86,Pressure,,,4,FALSE,FALSE
479.3,Rotom Frost Rotom,Electric,Ice,520,50,65,107,105,107,86,Pressure,,,4,FALSE,FALSE
479.4,Rotom Fan Rotom,Electric,Flying,520,50,65,107,105,107,86,Pressure,,,4,FALSE,FALSE
479.5,Rotom Mow Rotom,Electric,Grass,520,50,65,107,105,107,86,Pressure,,,4,FALSE,FALSE
480,Uxie,Psychic,,580,75,75,130,75,130,95,Levitate,,,4,TRUE,FALSE
481,Mesprit,Psychic,,580,80,105,105,105,105,80,Levitate,,,4,TRUE,FALSE
482,Azelf,Psychic,,580,75,125,70,125,70,115,Levitate,,,4,TRUE,FALSE
483,Dialga,Steel,Dragon,680,100,120,120,150,100,90,Pressure,Telepathy,,4,TRUE,FALSE
484,Palkia,Water,Dragon,680,90,120,100,150,120,100,Pressure,Telepathy,,4,TRUE,FALSE
485,Heatran,Fire,Steel,600,91,90,106,130,106,77,Flash Fire,Flame Body,,4,TRUE,FALSE
486,Regigigas,Normal,,670,110,160,110,80,110,100,Slow Start,,,4,TRUE,FALSE
487,Giratina Altered Forme,Ghost,Dragon,680,150,100,120,100,120,90,Pressure,Telepathy,,4,TRUE,FALSE
487.1,Giratina Origin Forme,Ghost,Dragon,680,150,120,100,120,100,90,Levitate,,,4,TRUE,FALSE
488,Cresselia,Psychic,,600,120,70,120,75,130,85,Levitate,,,4,TRUE,FALSE
489,Phione,Water,,480,80,80,80,80,80,80,Hydration,,,4,TRUE,TRUE
490,Manaphy,Water,,600,100,100,100,100,100,100,Hydration,,,4,TRUE,TRUE
491,Darkrai,Dark,,600,70,90,90,135,90,125,Bad Dreams,,,4,TRUE,TRUE
492,Shaymin Land Forme,Grass,,600,100,100,100,100,100,100,Natural Cure,,,4,TRUE,TRUE
492.1,Shaymin Sky Forme,Grass,Flying,600,100,103,75,120,75,127,Serene Grace,,,4,TRUE,TRUE
493,Arceus,Normal,,720,120,120,120,120,120,120,Multitype,,,4,TRUE,TRUE
494,Victini,Psychic,Fire,600,100,100,100,100,100,100,Victory Star,,,5,TRUE,TRUE
495,Snivy,Grass,,308,45,45,55,45,55,63,Overgrow,Contrary,,5,FALSE,FALSE
496,Servine,Grass,,413,60,60,75,60,75,83,Overgrow,Contrary,,5,FALSE,FALSE
497,Serperior,Grass,,528,75,75,95,75,95,113,Overgrow,Contrary,,5,FALSE,FALSE
498,Tepig,Fire,,308,65,63,45,45,45,45,Blaze,Thick Fat,,5,FALSE,FALSE
499,Pignite,Fire,Fighting,418,90,93,55,70,55,55,Blaze,Thick Fat,,5,FALSE,FALSE
500,Emboar,Fire,Fighting,528,110,123,65,100,65,65,Blaze,Reckless,,5,FALSE,FALSE
501,Oshawott,Water,,308,55,55,45,63,45,45,Torrent,Shell Armor,,5,FALSE,FALSE
502,Dewott,Water,,413,75,75,60,83,60,60,Torrent,Shell Armor,,5,FALSE,FALSE
503,Samurott,Water,,528,95,100,85,108,70,70,Torrent,Shell Armor,,5,FALSE,FALSE
504,Patrat,Normal,,255,45,55,39,35,39,42,Run Away,Keen Eye,Analytic,5,FALSE,FALSE
505,Watchog,Normal,,420,60,85,69,60,69,77,Illuminate,Keen Eye,Analytic,5,FALSE,FALSE
506,Lillipup,Normal,,275,45,60,45,25,45,55,Vital Spirit,Pickup,Run Away,5,FALSE,FALSE
507,Herdier,Normal,,370,65,80,65,35,65,60,Intimidate,Sand Rush,Scrappy,5,FALSE,FALSE
508,Stoutland,Normal,,500,85,110,90,45,90,80,Intimidate,Sand Rush,Scrappy,5,FALSE,FALSE
509,Purrloin,Dark,,281,41,50,37,50,37,66,Limber,Unburden,Prankster,5,FALSE,FALSE
510,Liepard,Dark,,446,64,88,50,88,50,106,Limber,Unburden,Prankster,5,FALSE,FALSE
511,Pansage,Grass,,316,50,53,48,53,48,64,Gluttony,Overgrow,,5,FALSE,FALSE
512,Simisage,Grass,,498,75,98,63,98,63,101,Gluttony,Overgrow,,5,FALSE,FALSE
513,Pansear,Fire,,316,50,53,48,53,48,64,Gluttony,Blaze,,5,FALSE,FALSE
514,Simisear,Fire,,498,75,98,63,98,63,101,Gluttony,Blaze,,5,FALSE,FALSE
515,Panpour,Water,,316,50,53,48,53,48,64,Gluttony,Torrent,,5,FALSE,FALSE
516,Simipour,Water,,498,75,98,63,98,63,101,Gluttony,Torrent,,5,FALSE,FALSE
517,Munna,Psychic,,292,76,25,45,67,55,24,Forewarn,Synchronize,Telepathy,5,FALSE,FALSE
518,Musharna,Psychic,,487,116,55,85,107,95,29,Forewarn,Synchronize,Telepathy,5,FALSE,FALSE
519,Pidove,Normal,Flying,264,50,55,50,36,30,43,Big Pecks,Super Luck,Rivalry,5,FALSE,FALSE
520,Tranquill,Normal,Flying,358,62,77,62,50,42,65,Big Pecks,Super Luck,Rivalry,5,FALSE,FALSE
521,Unfezant,Normal,Flying,488,80,115,80,65,55,93,Big Pecks,Super Luck,Rivalry,5,FALSE,FALSE
522,Blitzle,Electric,,295,45,60,32,50,32,76,Lightning Rod,Motor Drive,Sap Sipper,5,FALSE,FALSE
523,Zebstrika,Electric,,497,75,100,63,80,63,116,Lightning Rod,Motor Drive,Sap Sipper,5,FALSE,FALSE
524,Roggenrola,Rock,,280,55,75,85,25,25,15,Sturdy,Weak Armor,Sand Force,5,FALSE,FALSE
525,Boldore,Rock,,390,70,105,105,50,40,20,Sturdy,Weak Armor,Sand Force,5,FALSE,FALSE
526,Gigalith,Rock,,515,85,135,130,60,80,25,Sturdy,Sand Stream,Sand Force,5,FALSE,FALSE
527,Woobat,Psychic,Flying,323,65,45,43,55,43,72,Unaware,Klutz,Simple,5,FALSE,FALSE
528,Swoobat,Psychic,Flying,425,67,57,55,77,55,114,Unaware,Klutz,Simple,5,FALSE,FALSE
529,Drilbur,Ground,,328,60,85,40,30,45,68,Sand Rush,Sand Force,Mold Breaker,5,FALSE,FALSE
530,Excadrill,Ground,Steel,508,110,135,60,50,65,88,Sand Rush,Sand Force,Mold Breaker,5,FALSE,FALSE
531,Audino,Normal,,445,103,60,86,60,86,50,Healer,Regenerator,Klutz,5,FALSE,FALSE
531.1,Mega Audino,Normal,Fairy,545,103,60,126,80,126,50,Healer,,,5,FALSE,FALSE
532,Timburr,Fighting,,305,75,80,55,25,35,35,Guts,Sheer Force,Iron Fist,5,FALSE,FALSE
533,Gurdurr,Fighting,,405,85,105,85,40,50,40,Guts,Sheer Force,Iron Fist,5,FALSE,FALSE
534,Conkeldurr,Fighting,,505,105,140,95,55,65,45,Guts,Sheer Force,Iron Fist,5,FALSE,FALSE
535,Tympole,Water,,294,50,50,40,50,40,64,Swift Swim,Hydration,Water Absorb,5,FALSE,FALSE
536,Palpitoad,Water,Ground,384,75,65,55,65,55,69,Swift Swim,Hydration,Water Absorb,5,FALSE,FALSE
537,Seismitoad,Water,Ground,509,105,95,75,85,75,74,Swift Swim,Poison Touch,Water Absorb,5,FALSE,FALSE
538,Throh,Fighting,,465,120,100,85,30,85,45,Guts,Inner Focus,Mold Breaker,5,FALSE,FALSE
539,Sawk,Fighting,,465,75,125,75,30,75,85,Sturdy,Inner Focus,Mold Breaker,5,FALSE,FALSE
540,Sewaddle,Bug,Grass,310,45,53,70,40,60,42,Swarm,Chlorophyll,Overcoat,5,FALSE,FALSE
541,Swadloon,Bug,Grass,380,55,63,90,50,80,42,Leaf Guard,Chlorophyll,Overcoat,5,FALSE,FALSE
542,Leavanny,Bug,Grass,500,75,103,80,70,80,92,Swarm,Chlorophyll,Overcoat,5,FALSE,FALSE
543,Venipede,Bug,Poison,260,30,45,59,30,39,57,Poison Point,Swarm,Speed Boost,5,FALSE,FALSE
544,Whirlipede,Bug,Poison,360,40,55,99,40,79,47,Poison Point,Swarm,Speed Boost,5,FALSE,FALSE
545,Scolipede,Bug,Poison,485,60,100,89,55,69,112,Poison Point,Swarm,Speed Boost,5,FALSE,FALSE
546,Cottonee,Grass,Fairy,280,40,27,60,37,50,66,Prankster,Infiltrator,Chlorophyll,5,FALSE,FALSE
547,Whimsicott,Grass,Fairy,480,60,67,85,77,75,116,Prankster,Infiltrator,Chlorophyll,5,FALSE,FALSE
548,Petilil,Grass,,280,45,35,50,70,50,30,Chlorophyll,Own Tempo,Leaf Guard,5,FALSE,FALSE
549,Lilligant,Grass,,480,70,60,75,110,75,90,Chlorophyll,Own Tempo,Leaf Guard,5,FALSE,FALSE
550,Basculin,Water,,460,70,92,65,80,55,98,Reckless,Adaptability,Mold Breaker,5,FALSE,FALSE
551,Sandile,Ground,Dark,292,50,72,35,35,35,65,Intimidate,Moxie,Anger Point,5,FALSE,FALSE
552,Krokorok,Ground,Dark,351,60,82,45,45,45,74,Intimidate,Moxie,Anger Point,5,FALSE,FALSE
553,Krookodile,Ground,Dark,519,95,117,80,65,70,92,Intimidate,Moxie,Anger Point,5,FALSE,FALSE
554,Darumaka,Fire,,315,70,90,45,15,45,50,Hustle,Inner Focus,,5,FALSE,FALSE
554.1,Galarian Darumaka,Ice,,315,70,90,45,15,45,50,Hustle,Inner Focus,,5,FALSE,FALSE
555,Darmanitan Standard Mode,Fire,,480,105,140,55,30,55,95,Sheer Force,Zen Mode,,5,FALSE,FALSE
555.1,Darmanitan Zen Mode,Fire,Psychic,540,105,30,105,140,105,55,Zen Mode,,,5,FALSE,FALSE
555.2,Galarian Darmanitan Standard Mode,Ice,,480,105,140,55,30,55,95,Gorilla Tactics,Zen Mode,,5,FALSE,FALSE
555.3,Galarian Darmanitan Zen Mode,Ice,Fire,540,105,160,55,30,55,135,Gorilla Tactics,Zen Mode,,5,FALSE,FALSE
556,Maractus,Grass,,461,75,86,67,106,67,60,Water Absorb,Chlorophyll,Storm Drain,5,FALSE,FALSE
557,Dwebble,Bug,Rock,325,50,65,85,35,35,55,Sturdy,Shell Armor,Weak Armor,5,FALSE,FALSE
558,Crustle,Bug,Rock,485,70,105,125,65,75,45,Sturdy,Shell Armor,Weak Armor,5,FALSE,FALSE
559,Scraggy,Dark,Fighting,348,50,75,70,35,70,48,Shed Skin,Moxie,Intimidate,5,FALSE,FALSE
560,Scrafty,Dark,Fighting,488,65,90,115,45,115,58,Shed Skin,Moxie,Intimidate,5,FALSE,FALSE
561,Sigilyph,Psychic,Flying,490,72,58,80,103,80,97,Wonder Skin,Magic Guard,Tinted Lens,5,FALSE,FALSE
562,Yamask,Ghost,,303,38,30,85,55,65,30,Mummy,,,5,FALSE,FALSE
562.1,Galarian Yamask,Ground,Ghost,303,38,55,85,30,65,30,Wandering Spirit,,,5,FALSE,FALSE
563,Cofagrigus,Ghost,,483,58,50,145,95,105,30,Mummy,,,5,FALSE,FALSE
564,Tirtouga,Water,Rock,355,54,78,103,53,45,22,Solid Rock,Sturdy,Swift Swim,5,FALSE,FALSE
565,Carracosta,Water,Rock,495,74,108,133,83,65,32,Solid Rock,Sturdy,Swift Swim,5,FALSE,FALSE
566,Archen,Rock,Flying,401,55,112,45,74,45,70,Defeatist,,,5,FALSE,FALSE
567,Archeops,Rock,Flying,567,75,140,65,112,65,110,Defeatist,,,5,FALSE,FALSE
568,Trubbish,Poison,,329,50,50,62,40,62,65,Stench,Sticky Hold,Aftermath,5,FALSE,FALSE
569,Garbodor,Poison,,474,80,95,82,60,82,75,Stench,Weak Armor,Aftermath,5,FALSE,FALSE
570,Zorua,Dark,,330,40,65,40,80,40,65,Illusion,,,5,FALSE,FALSE
571,Zoroark,Dark,,510,60,105,60,120,60,105,Illusion,,,5,FALSE,FALSE
572,Minccino,Normal,,300,55,50,40,40,40,75,Cute Charm,Technician,Skill Link,5,FALSE,FALSE
573,Cinccino,Normal,,470,75,95,60,65,60,115,Cute Charm,Technician,Skill Link,5,FALSE,FALSE
574,Gothita,Psychic,,290,45,30,50,55,65,45,Frisk,Competitive,Shadow Tag,5,FALSE,FALSE
575,Gothorita,Psychic,,390,60,45,70,75,85,55,Frisk,Competitive,Shadow Tag,5,FALSE,FALSE
576,Gothitelle,Psychic,,490,70,55,95,95,110,65,Frisk,Competitive,Shadow Tag,5,FALSE,FALSE
577,Solosis,Psychic,,290,45,30,40,105,50,20,Overcoat,Magic Guard,Regenerator,5,FALSE,FALSE
578,Duosion,Psychic,,370,65,40,50,125,60,30,Overcoat,Magic Guard,Regenerator,5,FALSE,FALSE
579,Reuniclus,Psychic,,490,110,65,75,125,85,30,Overcoat,Magic Guard,Regenerator,5,FALSE,FALSE
580,Ducklett,Water,Flying,305,62,44,50,44,50,55,Keen Eye,Big Pecks,Hydration,5,FALSE,FALSE
581,Swanna,Water,Flying,473,75,87,63,87,63,98,Keen Eye,Big Pecks,Hydration,5,FALSE,FALSE
582,Vanillite,Ice,,305,36,50,50,65,60,44,Ice Body,Snow Cloak,Weak Armor,5,FALSE,FALSE
583,Vanillish,Ice,,395,51,65,65,80,75,59,Ice Body,Snow Cloak,Weak Armor,5,FALSE,FALSE
584,Vanilluxe,Ice,,535,71,95,85,110,95,79,Ice Body,Snow Warning,Weak Armor,5,FALSE,FALSE
585,Deerling,Normal,Grass,335,60,60,50,40,50,75,Chlorophyll,Sap Sipper,Serene Grace,5,FALSE,FALSE
586,Sawsbuck,Normal,Grass,475,80,100,70,60,70,95,Chlorophyll,Sap Sipper,Serene Grace,5,FALSE,FALSE
587,Emolga,Electric,Flying,428,55,75,60,75,60,103,Static,Motor Drive,,5,FALSE,FALSE
588,Karrablast,Bug,,315,50,75,45,40,45,60,Swarm,Shed Skin,No Guard,5,FALSE,FALSE
589,Escavalier,Bug,Steel,495,70,135,105,60,105,20,Swarm,Shell Armor,Overcoat,5,FALSE,FALSE
590,Foongus,Grass,Poison,294,69,55,45,55,55,15,Effect Spore,Regenerator,,5,FALSE,FALSE
591,Amoonguss,Grass,Poison,464,114,85,70,85,80,30,Effect Spore,Regenerator,,5,FALSE,FALSE
592,Frillish,Water,Ghost,335,55,40,50,65,85,40,Water Absorb,Cursed Body,Damp,5,FALSE,FALSE
593,Jellicent,Water,Ghost,480,100,60,70,85,105,60,Water Absorb,Cursed Body,Damp,5,FALSE,FALSE
594,Alomomola,Water,,470,165,75,80,40,45,65,Healer,Hydration,Regenerator,5,FALSE,FALSE
595,Joltik,Bug,Electric,319,50,47,50,57,50,65,Compound Eyes,Unnerve,Swarm,5,FALSE,FALSE
596,Galvantula,Bug,Electric,472,70,77,60,97,60,108,Compound Eyes,Unnerve,Swarm,5,FALSE,FALSE
597,Ferroseed,Grass,Steel,305,44,50,91,24,86,10,Iron Barbs,,,5,FALSE,FALSE
598,Ferrothorn,Grass,Steel,489,74,94,131,54,116,20,Iron Barbs,Anticipation,,5,FALSE,FALSE
599,Klink,Steel,,300,40,55,70,45,60,30,Plus,Minus,Clear Body,5,FALSE,FALSE
600,Klang,Steel,,440,60,80,95,70,85,50,Plus,Minus,Clear Body,5,FALSE,FALSE
601,Klinklang,Steel,,520,60,100,115,70,85,90,Plus,Minus,Clear Body,5,FALSE,FALSE
602,Tynamo,Electric,,275,35,55,40,45,40,60,Levitate,,,5,FALSE,FALSE
603,Eelektrik,Electric,,405,65,85,70,75,70,40,Levitate,,,5,FALSE,FALSE
604,Eelektross,Electric,,515,85,115,80,105,80,50,Levitate,,,5,FALSE,FALSE
605,Elgyem,Psychic,,335,55,55,55,85,55,30,Telepathy,Synchronize,Analytic,5,FALSE,FALSE
606,Beheeyem,Psychic,,485,75,75,75,125,95,40,Telepathy,Synchronize,Analytic,5,FALSE,FALSE
607,Litwick,Ghost,Fire,275,50,30,55,65,55,20,Flash Fire,Flame Body,Infiltrator,5,FALSE,FALSE
608,Lampent,Ghost,Fire,370,60,40,60,95,60,55,Flash Fire,Flame Body,Infiltrator,5,FALSE,FALSE
609,Chandelure,Ghost,Fire,520,60,55,90,145,90,80,Flash Fire,Flame Body,Infiltrator,5,FALSE,FALSE
610,Axew,Dragon,,320,46,87,60,30,40,57,Rivalry,Mold Breaker,Unnerve,5,FALSE,FALSE
611,Fraxure,Dragon,,410,66,117,70,40,50,67,Rivalry,Mold Breaker,Unnerve,5,FALSE,FALSE
612,Haxorus,Dragon,,540,76,147,90,60,70,97,Rivalry,Mold Breaker,Unnerve,5,FALSE,FALSE
613,Cubchoo,Ice,,305,55,70,40,60,40,40,Snow Cloak,Slush Rush,Rattled,5,FALSE,FALSE
614,Beartic,Ice,,505,95,130,80,70,80,50,Snow Cloak,Slush Rush,Swift Swim,5,FALSE,FALSE
615,Cryogonal,Ice,,515,80,50,50,95,135,105,Levitate,,,5,FALSE,FALSE
616,Shelmet,Bug,,305,50,40,85,40,65,25,Hydration,Shell Armor,Overcoat,5,FALSE,FALSE
617,Accelgor,Bug,,495,80,70,40,100,60,145,Hydration,Sticky Hold,Unburden,5,FALSE,FALSE
618,Stunfisk,Ground,Electric,471,109,66,84,81,99,32,Static,Limber,Sand Veil,5,FALSE,FALSE
618.1,Galarian Stunfisk,Ground,Steel,471,109,81,99,66,84,32,Mimcry,,,5,FALSE,FALSE
619,Mienfoo,Fighting,,350,45,85,50,55,50,65,Inner Focus,Regenerator,Reckless,5,FALSE,FALSE
620,Mienshao,Fighting,,510,65,125,60,95,60,105,Inner Focus,Regenerator,Reckless,5,FALSE,FALSE
621,Druddigon,Dragon,,485,77,120,90,60,90,48,Rough Skin,Sheer Force,Mold Breaker,5,FALSE,FALSE
622,Golett,Ground,Ghost,303,59,74,50,35,50,35,Iron Fist,Klutz,No Guard,5,FALSE,FALSE
623,Golurk,Ground,Ghost,483,89,124,80,55,80,55,Iron Fist,Klutz,No Guard,5,FALSE,FALSE
624,Pawniard,Dark,Steel,340,45,85,70,40,40,60,Defiant,Inner Focus,Pressure,5,FALSE,FALSE
625,Bisharp,Dark,Steel,490,65,125,100,60,70,70,Defiant,Inner Focus,Pressure,5,FALSE,FALSE
626,Bouffalant,Normal,,490,95,110,95,40,95,55,Reckless,Sap Sipper,Soundproof,5,FALSE,FALSE
627,Rufflet,Normal,Flying,350,70,83,50,37,50,60,Keen Eye,Sheer Force,Hustle,5,FALSE,FALSE
628,Braviary,Normal,Flying,510,100,123,75,57,75,80,Keen Eye,Sheer Force,Defiant,5,FALSE,FALSE
629,Vullaby,Dark,Flying,370,70,55,75,45,65,60,Big Pecks,Overcoat,Weak Armor,5,FALSE,FALSE
630,Mandibuzz,Dark,Flying,510,110,65,105,55,95,80,Big Pecks,Overcoat,Weak Armor,5,FALSE,FALSE
631,Heatmor,Fire,,484,85,97,66,105,66,65,Gluttony,Flash Fire,White Smoke,5,FALSE,FALSE
632,Durant,Bug,Steel,484,58,109,112,48,48,109,Swarm,Hustle,Truant,5,FALSE,FALSE
633,Deino,Dark,Dragon,300,52,65,50,45,50,38,Hustle,,,5,FALSE,FALSE
634,Zweilous,Dark,Dragon,420,72,85,70,65,70,58,Hustle,,,5,FALSE,FALSE
635,Hydreigon,Dark,Dragon,600,92,105,90,125,90,98,Levitate,,,5,FALSE,FALSE
636,Larvesta,Bug,Fire,360,55,85,55,50,55,60,Flame Body,Swarm,,5,FALSE,FALSE
637,Volcarona,Bug,Fire,550,85,60,65,135,105,100,Flame Body,Swarm,,5,FALSE,FALSE
638,Cobalion,Steel,Fighting,580,91,90,129,90,72,108,Justified,,,5,TRUE,FALSE
639,Terrakion,Rock,Fighting,580,91,129,90,72,90,108,Justified,,,5,TRUE,FALSE
640,Virizion,Grass,Fighting,580,91,90,72,90,129,108,Justified,,,5,TRUE,FALSE
641,Tornadus Incarnate Forme,Flying,,580,79,115,70,125,80,111,Prankster,Defiant,,5,TRUE,FALSE
641.1,Tornadus Therian Forme,Flying,,580,79,100,80,110,90,121,Regenerator,,,5,TRUE,FALSE
642,Thundurus Incarnate Forme,Electric,Flying,580,79,115,70,125,80,111,Prankster,Defiant,,5,TRUE,FALSE
642.1,Thundurus Therian Forme,Electric,Flying,580,79,105,70,145,80,101,Volt Absorb,,,5,TRUE,FALSE
643,Reshiram,Dragon,Fire,680,100,120,100,150,120,90,Turboblaze,,,5,TRUE,FALSE
644,Zekrom,Dragon,Electric,680,100,150,120,120,100,90,Teravolt,,,5,FALSE,FALSE
645,Landorus Incarnate Forme,Ground,Flying,600,89,125,90,115,80,101,Sand Force,Sheer Force,,5,TRUE,FALSE
645.1,Landorus Therian Forme,Ground,Flying,600,89,145,90,105,80,91,Intimidate,,,5,TRUE,FALSE
646,Kyurem,Dragon,Ice,660,125,130,90,130,90,95,Pressure,,,5,TRUE,FALSE
646.1,Black Kyurem,Dragon,Ice,700,125,170,100,120,90,95,Teravolt,,,5,TRUE,FALSE
646.2,White Kyurem,Dragon,Ice,700,125,120,90,170,100,95,Turboblaze,,,5,TRUE,FALSE
647,Keldeo Ordinary Forme,Water,Fighting,580,91,72,90,129,90,108,Justified,,,5,FALSE,TRUE
647.1,Keldeo Resolute Forme,Water,Fighting,580,91,72,90,129,90,108,Justified,,,5,TRUE,TRUE
648,Meloetta Aria Forme,Normal,Psychic,600,100,77,77,128,128,90,Serene Grace,,,5,TRUE,TRUE
648.1,Meloetta Pirouette Forme,Normal,Fighting,600,100,128,80,77,77,128,Serene Grace,,,5,TRUE,TRUE
649,Genesect,Bug,Steel,600,71,120,95,120,95,99,Download,,,5,TRUE,TRUE
650,Chespin,Grass,,313,56,61,65,48,45,38,Overgrow,Bulletproof,,6,FALSE,FALSE
651,Quilladin,Grass,,405,61,78,95,56,58,57,Overgrow,Bulletproof,,6,FALSE,FALSE
652,Chesnaught,Grass,Fighting,530,88,107,122,74,75,64,Overgrow,Bulletproof,,6,FALSE,FALSE
653,Fennekin,Fire,,307,40,45,40,62,60,60,Blaze,Magician,,6,FALSE,FALSE
654,Braixen,Fire,,409,59,59,58,90,70,73,Blaze,Magician,,6,FALSE,FALSE
655,Delphox,Fire,Psychic,534,75,69,72,114,100,104,Blaze,Magician,,6,FALSE,FALSE
656,Froakie,Water,,314,41,56,40,62,44,71,Torrent,Protean,,6,FALSE,FALSE
657,Frogadier,Water,,405,54,63,52,83,56,97,Torrent,Protean,,6,FALSE,FALSE
658,Greninja,Water,Dark,530,72,95,67,103,71,122,Torrent,Protean,,6,FALSE,FALSE
659,Bunnelby,Normal,,237,38,36,38,32,36,57,Pickup,Cheek Pouch,Huge Power,6,FALSE,FALSE
660,Diggersby,Normal,Ground,423,85,56,77,50,77,78,Pickup,Cheek Pouch,Huge Power,6,FALSE,FALSE
661,Fletchling,Normal,Flying,278,45,50,43,40,38,62,Big Pecks,Gale Wings,,6,FALSE,FALSE
662,Fletchinder,Fire,Flying,382,62,73,55,56,52,84,Flame Body,Gale Wings,,6,FALSE,FALSE
663,Talonflame,Fire,Flying,499,78,81,71,74,69,126,Flame Body,Gale Wings,,6,FALSE,FALSE
664,Scatterbug,Bug,,200,38,35,40,27,25,35,Shield Dust,Compound Eyes,Friend Guard,6,FALSE,FALSE
665,Spewpa,Bug,,213,45,22,60,27,30,29,Shed Skin,Friend Guard,,6,FALSE,FALSE
666,Vivillon,Bug,Flying,411,80,52,50,90,50,89,Shield Dust,Compound Eyes,Friend Guard,6,FALSE,FALSE
667,Litleo,Fire,Normal,369,62,50,58,73,54,72,Rivalry,Unnerve,Moxie,6,FALSE,FALSE
668,Pyroar,Fire,Normal,507,86,68,72,109,66,106,Rivalry,Unnerve,Moxie,6,FALSE,FALSE
669,Flabebe,Fairy,,303,44,38,39,61,79,42,Flower Veil,Symbiosis,,6,FALSE,FALSE
670,Floette,Fairy,,371,54,45,47,75,98,52,Flower Veil,Symbiosis,,6,FALSE,FALSE
671,Florges,Fairy,,552,78,65,68,112,154,75,Flower Veil,Symbiosis,,6,FALSE,FALSE
672,Skiddo,Grass,,350,66,65,48,62,57,52,Sap Sipper,Grass Pelt,,6,FALSE,FALSE
673,Gogoat,Grass,,531,123,100,62,97,81,68,Sap Sipper,Grass Pelt,,6,FALSE,FALSE
674,Pancham,Fighting,,348,67,82,62,46,48,43,Iron Fist,Mold Breaker,Scrappy,6,FALSE,FALSE
675,Pangoro,Fighting,Dark,495,95,124,78,69,71,58,Iron Fist,Mold Breaker,Scrappy,6,FALSE,FALSE
676,Furfrou,Normal,,472,75,80,60,65,90,102,Fur Coat,,,6,FALSE,FALSE
677,Espurr,Psychic,,355,62,48,54,63,60,68,Keen Eye,Infiltrator,Own Tempo,6,FALSE,FALSE
678,Meowstic Male,Psychic,,466,74,48,76,83,81,104,Keen Eye,Infiltrator,Prankster,6,FALSE,FALSE
678.1,Meowstic Female,Psychic,,466,74,48,76,83,81,104,Keen Eye,Infiltrator,Competitive,6,FALSE,FALSE
679,Honedge,Steel,Ghost,325,45,80,100,35,37,28,No Guard,,,6,FALSE,FALSE
680,Doublade,Steel,Ghost,448,59,110,150,45,49,35,No Guard,,,6,FALSE,FALSE
681,Aegislash Shield Forme,Steel,Ghost,520,60,50,150,50,150,60,Stance Change,,,6,FALSE,FALSE
681.1,Aegislash Blade Forme,Steel,Ghost,520,60,150,50,150,50,60,Stance Change,,,6,FALSE,FALSE
682,Spritzee,Fairy,,341,78,52,60,63,65,23,Healer,Aroma Veil,,6,FALSE,FALSE
683,Aromatisse,Fairy,,462,101,72,72,99,89,29,Healer,Aroma Veil,,6,FALSE,FALSE
684,Swirlix,Fairy,,341,62,48,66,59,57,49,Sweet Veil,Unburden,,6,FALSE,FALSE
685,Slurpuff,Fairy,,480,82,80,86,85,75,72,Sweet Veil,Unburden,,6,FALSE,FALSE
686,Inkay,Dark,Psychic,288,53,54,53,37,46,45,Contrary,Suction Cups,Infiltrator,6,FALSE,FALSE
687,Malamar,Dark,Psychic,482,86,92,88,68,75,73,Contrary,Suction Cups,Infiltrator,6,FALSE,FALSE
688,Binacle,Rock,Water,306,42,52,67,39,56,50,Tough Claws,Sniper,Pickpocket,6,FALSE,FALSE
689,Barbaracle,Rock,Water,500,72,105,115,54,86,68,Tough Claws,Sniper,Pickpocket,6,FALSE,FALSE
690,Skrelp,Poison,Water,320,50,60,60,60,60,30,Poison Point,Poison Touch,Adaptability,6,FALSE,FALSE
691,Dragalge,Poison,Dragon,494,65,75,90,97,123,44,Poison Point,Poison Touch,Adaptability,6,FALSE,FALSE
692,Clauncher,Water,,330,50,53,62,58,63,44,Mega Launcher,,,6,FALSE,FALSE
693,Clawitzer,Water,,500,71,73,88,120,89,59,Mega Launcher,,,6,FALSE,FALSE
694,Helioptile,Electric,Normal,289,44,38,33,61,43,70,Dry Skin,Sand Veil,Solar Power,6,FALSE,FALSE
695,Heliolisk,Electric,Normal,481,62,55,52,109,94,109,Dry Skin,Sand Veil,Solar Power,6,FALSE,FALSE
696,Tyrunt,Rock,Dragon,362,58,89,77,45,45,48,Strong Jaw,Sturdy,,6,FALSE,FALSE
697,Tyrantrum,Rock,Dragon,521,82,121,119,69,59,71,Strong Jaw,Rock Head,,6,FALSE,FALSE
698,Amaura,Rock,Ice,362,77,59,50,67,63,46,Refrigerate,Snow Warning,,6,FALSE,FALSE
699,Aurorus,Rock,Ice,521,123,77,72,99,92,58,Refrigerate,Snow Warning,,6,FALSE,FALSE
700,Sylveon,Fairy,,525,95,65,65,110,130,60,Cute Charm,Pixilate,,6,FALSE,FALSE
701,Hawlucha,Fighting,Flying,500,78,92,75,74,63,118,Limber,Unburden,Mold Breaker,6,FALSE,FALSE
702,Dedenne,Electric,Fairy,431,67,58,57,81,67,101,Cheek Pouch,Pickup,Plus,6,FALSE,FALSE
703,Carbink,Rock,Fairy,500,50,50,150,50,150,50,Clear Body,Sturdy,,6,FALSE,FALSE
704,Goomy,Dragon,,300,45,50,35,55,75,40,Sap Sipper,Hydration,Gooey,6,FALSE,FALSE
705,Sliggoo,Dragon,,452,68,75,53,83,113,60,Sap Sipper,Hydration,Gooey,6,FALSE,FALSE
706,Goodra,Dragon,,600,90,100,70,110,150,80,Sap Sipper,Hydration,Gooey,6,FALSE,FALSE
707,Klefki,Steel,Fairy,470,57,80,91,80,87,75,Prankster,Magician,,6,FALSE,FALSE
708,Phantump,Ghost,Grass,309,43,70,48,50,60,38,Natural Cure,Frisk,Harvest,6,FALSE,FALSE
709,Trevenant,Ghost,Grass,474,85,110,76,65,82,56,Natural Cure,Frisk,Harvest,6,FALSE,FALSE
710,Pumpkaboo Average Size,Ghost,Grass,335,49,66,70,44,55,51,Pickup,Frisk,Insomnia,6,FALSE,FALSE
710.1,Pumpkaboo Small Size,Ghost,Grass,335,44,66,70,44,55,56,Pickup,Frisk,Insomnia,6,FALSE,FALSE
710.2,Pumpkaboo Large Size,Ghost,Grass,335,54,66,70,44,55,46,Pickup,Frisk,Insomnia,6,FALSE,FALSE
710.3,Pumpkaboo Super Size,Ghost,Grass,335,59,66,70,44,55,41,Pickup,Frisk,Insomnia,6,FALSE,FALSE
711,Gourgeist Average Size,Ghost,Grass,494,65,90,122,58,75,84,Pickup,Frisk,Insomnia,6,FALSE,FALSE
711.1,Gourgeist Small Size,Ghost,Grass,494,55,85,122,58,75,99,Pickup,Frisk,Insomnia,6,FALSE,FALSE
711.2,Gourgeist Large Size,Ghost,Grass,494,75,95,122,58,75,69,Pickup,Frisk,Insomnia,6,FALSE,FALSE
711.3,Gourgeist Super Size,Ghost,Grass,494,85,100,122,58,75,54,Pickup,Frisk,Insomnia,6,FALSE,FALSE
712,Bergmite,Ice,,304,55,69,85,32,35,28,Own Tempo,Ice Body,Sturdy,6,FALSE,FALSE
713,Avalugg,Ice,,514,95,117,184,44,46,28,Own Tempo,Ice Body,Sturdy,6,FALSE,FALSE
714,Noibat,Flying,Dragon,245,40,30,35,45,40,55,Frisk,Infiltrator,Telepathy,6,FALSE,FALSE
715,Noivern,Flying,Dragon,535,85,70,80,97,80,123,Frisk,Infiltrator,Telepathy,6,FALSE,FALSE
716,Xerneas,Fairy,,680,126,131,95,131,98,99,Fairy Aura,,,6,TRUE,FALSE
717,Yveltal,Dark,Flying,680,126,131,95,131,98,99,Dark Aura,,,6,TRUE,FALSE
718,Zygarde 50% Forme,Dragon,Ground,600,108,100,121,81,95,95,Aura Break,Power Construct,,6,TRUE,FALSE
718.1,Zygarde 10% Forme,Dragon,Ground,486,54,100,71,61,85,115,Aura Break, Power Construct,,6,TRUE,FALSE
718.2,Zygarde Complete Forme,Dragon,Ground,708,216,100,121,91,95,85,Power Construct,,,6,TRUE,FALSE
719,Diancie,Rock,Fairy,600,50,100,150,100,150,50,Clear Body,,,6,TRUE,TRUE
719.1,Mega Diancie,Rock,Fairy,700,50,160,110,160,110,110,Magic Bounce,,,6,TRUE,TRUE
720,Hoopa Confined Forme,Psychic,Ghost,600,80,110,60,150,130,70,Magician,,,6,TRUE,TRUE
720.1,Hoopa Unbound Forme,Psychic,Dark,680,80,160,60,170,130,80,Magician,,,6,TRUE,TRUE
721,Volcanion,Fire,Water,600,80,110,120,130,90,70,Water Absorb,,,6,TRUE,TRUE
722,Rowlet,Grass,Flying,320,68,55,55,50,50,42,Overgrow,Long Reach,,7,FALSE,FALSE
723,Dartrix,Grass,Flying,420,78,75,75,70,70,52,Overgrow,Long Reach,,7,FALSE,FALSE
724,Decidueye,Grass,Ghost,530,78,107,75,100,100,70,Overgrow,Long Reach,,7,FALSE,FALSE
725,Litten,Fire,,320,45,65,40,60,40,70,Blaze,Intimidate,,7,FALSE,FALSE
726,Torracat,Fire,,420,65,85,50,80,50,90,Blaze,Intimidate,,7,FALSE,FALSE
727,Incineroar,Fire,Dark,530,95,115,90,80,90,60,Blaze,Intimidate,,7,FALSE,FALSE
728,Popplio,Water,,320,50,54,54,66,56,40,Torrent,Liquid Voice,,7,FALSE,FALSE
729,Brionne,Water,,420,60,69,69,91,81,50,Torrent,Liquid Voice,,7,FALSE,FALSE
730,Primarina,Water,Fairy,530,80,74,74,126,116,60,Torrent,Liquid Voice,,7,FALSE,FALSE
731,Pikipek,Normal,Flying,265,35,75,30,30,30,65,Keen Eye,Skill Link,Pickup,7,FALSE,FALSE
732,Trumbeak,Normal,Flying,355,55,85,50,40,50,75,Keen Eye,Skill Link,Pickup,7,FALSE,FALSE
733,Toucannon,Normal,Flying,485,80,120,75,75,75,60,Keen Eye,Skill Link,Sheer Force,7,FALSE,FALSE
734,Yungoos,Normal,,253,48,70,30,30,30,45,Stakeout,Strong Jaw,Adaptability,7,FALSE,FALSE
735,Gumshoos,Normal,,418,88,110,60,55,60,45,Stakeout,Strong Jaw,Adaptability,7,FALSE,FALSE
736,Grubbin,Bug,,300,47,62,45,55,45,46,Swarm,,,7,FALSE,FALSE
737,Charjabug,Bug,Electric,400,57,82,95,55,75,36,Battery,,,7,FALSE,FALSE
738,Vikavolt,Bug,Electric,500,77,70,90,145,75,43,Levitate,,,7,FALSE,FALSE
739,Crabrawler,Fighting,,338,47,82,57,42,47,63,Hyper Cutter,Iron Fist,Anger Point,7,FALSE,FALSE
740,Crabominable,Fighting,Ice,478,97,132,77,62,67,43,Hyper Cutter,Iron Fist,Anger Point,7,FALSE,FALSE
741,Oricorio Baile,Fire,Flying,476,75,70,70,98,70,93,Dancer,,,7,FALSE,FALSE
741.1,Oricorio Pom-Pom,Electric,Flying,476,75,70,70,98,70,93,Dancer,,,7,FALSE,FALSE
741.2,Oricorio Pa'u,Psychic,Flying,476,75,70,70,98,70,93,Dancer,,,7,FALSE,FALSE
741.3,Oricorio Sensu,Ghost,Flying,476,75,70,70,98,70,93,Dancer,,,7,FALSE,FALSE
742,Cutiefly,Bug,Fairy,304,40,45,40,55,40,84,Honey Gather,Shield Dust,Sweet Veil,7,FALSE,FALSE
743,Ribombee,Bug,Fairy,464,60,55,60,95,70,124,Honey Gather,Shield Dust,Sweet Veil,7,FALSE,FALSE
744,Rockruff,Rock,,280,45,65,40,30,40,60,Keen Eye,Vital Spirit,Steadfast,7,FALSE,FALSE
745,Lycanroc Midday,Rock,,487,75,115,65,55,65,112,Keen Eye,Sand Rush,Steadfast,7,FALSE,FALSE
745.1,Lycanroc Midnight,Rock,,487,85,115,75,55,75,82,Keen Eye, Vital Spirit,No Guard,7,FALSE,FALSE
745.2,Lycanroc Dusk,Rock,,487,75,117,65,55,65,110,Tough Claws,,,7,FALSE,FALSE
746,Wishiwashi Solo,Water,,175,45,20,20,25,25,40,Schooling,,,7,FALSE,FALSE
746.1,Wishiwashi School,Water,,625,45,145,130,140,135,30,Schooling,,,7,FALSE,FALSE
747,Mareanie,Poison,Water,305,50,53,62,43,52,45,Merciless,Limber,Regenerator,7,FALSE,FALSE
748,Toxapex,Poison,Water,495,50,63,152,53,142,35,Merciless,Limber,Regenerator,7,FALSE,FALSE
749,Mudbray,Ground,,385,70,100,70,45,55,45,Own Tempo,Stamina,Inner Focus,7,FALSE,FALSE
750,Mudsdale,Ground,,500,100,125,100,55,85,35,Own Tempo,Stamina,Inner Focus,7,FALSE,FALSE
751,Dewpider,Water,Bug,269,38,40,52,40,72,27,Water Bubble,Water Absorb,,7,FALSE,FALSE
752,Araquanid,Water,Bug,454,68,70,92,50,132,42,Water Bubble,Water Absorb,,7,FALSE,FALSE
753,Fomantis,Grass,,250,40,55,35,50,35,35,Leaf Guard,Contrary,,7,FALSE,FALSE
754,Lurantis,Grass,,480,70,105,90,80,90,45,Leaf Guard,Contrary,,7,FALSE,FALSE
755,Morelull,Grass,Fairy,285,40,35,55,65,75,15,Illuminate,Effect Spore,Rain Dish,7,FALSE,FALSE
756,Shiinotic,Grass,Fairy,405,60,45,80,90,100,30,Illuminate,Effect Spore,Rain Dish,7,FALSE,FALSE
757,Salandit,Poison,Fire,320,48,44,40,71,40,77,Corrosion,Oblivious,,7,FALSE,FALSE
758,Salazzle,Poison,Fire,480,68,64,60,111,60,117,Corrosion,Oblivious,,7,FALSE,FALSE
759,Stufful,Normal,Fighting,340,70,75,50,45,50,50,Fluffy,Klutz,Cute Charm,7,FALSE,FALSE
760,Bewear,Normal,Fighting,500,120,125,80,55,60,60,Fluffy,Klutz,Unnerve,7,FALSE,FALSE
761,Bounsweet,Grass,,210,42,30,38,30,38,32,Leaf Guard,Oblivious,Sweet Veil,7,FALSE,FALSE
762,Steenee,Grass,,290,52,40,48,40,48,62,Leaf Guard,Oblivious,Sweet Veil,7,FALSE,FALSE
763,Tsareena,Grass,,510,72,120,98,50,98,72,Leaf Guard,Queenly Majesty,Sweet Veil,7,FALSE,FALSE
764,Comfey,Fairy,,485,51,52,90,82,110,100,Flower Veil,Triage,Natural Cure,7,FALSE,FALSE
765,Oranguru,Normal,Psychic,490,90,60,80,90,110,60,Inner Focus,Telepathy,Symbiosis,7,FALSE,FALSE
766,Passimian,Fighting,,490,100,120,90,40,60,80,Receiver,Defiant,,7,FALSE,FALSE
767,Wimpod,Bug,Water,230,25,35,40,20,30,80,Wimp Out,,,7,FALSE,FALSE
768,Golisopod,Bug,Water,530,75,125,140,60,90,40,Emergency Exit,,,7,FALSE,FALSE
769,Sandygast,Ghost,Ground,320,55,55,80,70,45,15,Water Compaction,Sand Veil,,7,FALSE,FALSE
770,Palossand,Ghost,Ground,480,85,75,110,100,75,35,Water Compaction,Sand Veil,,7,FALSE,FALSE
771,Pyukumuku,Water,,410,55,60,130,30,130,5,Innards Out,Unaware,,7,FALSE,FALSE
772,Type-Null,Normal,,534,95,95,95,95,95,59,Battle Armor,,,7,TRUE,FALSE
773,Silvally,Normal,,570,95,95,95,95,95,95,Rks System,,,7,TRUE,FALSE
774,Minior Meteor,Rock,Flying,440,60,60,100,60,100,60,Shields Down,,,7,FALSE,FALSE
774.1,Minior Red Core,Rock,Flying,500,60,100,60,100,60,120,Shields Down,,,7,FALSE,FALSE
775,Komala,Normal,,480,65,115,65,75,95,65,Comatose,,,7,FALSE,FALSE
776,Turtonator,Fire,Dragon,485,60,78,135,91,85,36,Shell Armor,,,7,FALSE,FALSE
777,Togedemaru,Electric,Steel,435,65,98,63,40,73,96,Iron Barbs,Lightning Rod,Sturdy,7,FALSE,FALSE
778,Mimikyu,Ghost,Fairy,476,55,90,80,50,105,96,Disguise,,,7,FALSE,FALSE
779,Bruxish,Water,Psychic,475,68,105,70,70,70,92,Dazzling,Strong Jaw,Wonder Skin,7,FALSE,FALSE
780,Drampa,Normal,Dragon,485,78,60,85,135,91,36,Berserk,Sap Sipper,Cloud Nine,7,FALSE,FALSE
781,Dhelmise,Ghost,Grass,517,70,131,100,86,90,40,Steelworker,,,7,FALSE,FALSE
782,Jangmo-O,Dragon,,300,45,55,65,45,45,45,Bulletproof,Soundproof,Overcoat,7,FALSE,FALSE
783,Hakamo-O,Dragon,Fighting,420,55,75,90,65,70,65,Bulletproof,Soundproof,Overcoat,7,FALSE,FALSE
784,Kommo-O,Dragon,Fighting,600,75,110,125,100,105,85,Bulletproof,Soundproof,Overcoat,7,FALSE,FALSE
785,Tapu-Koko,Electric,Fairy,570,70,115,85,95,75,130,Electric Surge,Telepathy,,7,TRUE,FALSE
786,Tapu-Lele,Psychic,Fairy,570,70,85,75,130,115,95,Psychic Surge,Telepathy,,7,TRUE,FALSE
787,Tapu-Bulu,Grass,Fairy,570,70,130,115,85,95,75,Grassy Surge,Telepathy,,7,TRUE,FALSE
788,Tapu-Fini,Water,Fairy,570,70,75,115,95,130,85,Misty Surge,Telepathy,,7,TRUE,FALSE
789,Cosmog,Psychic,,200,43,29,31,29,31,37,Unaware,,,7,TRUE,FALSE
790,Cosmoem,Psychic,,400,43,29,131,29,131,37,Sturdy,,,7,TRUE,FALSE
791,Solgaleo,Psychic,Steel,680,137,137,107,113,89,97,Full Metal Body,,,7,TRUE,FALSE
791.1,Radiant Sun Solgaleo,Psychic,Steel,680,137,137,107,113,89,97,Full Metal Body,,,7,TRUE,FALSE
792,Lunala,Psychic,Ghost,680,137,113,89,137,107,97,Shadow Shield,,,7,TRUE,FALSE
792.1,Full Moon Lunala,Psychic,Ghost,680,137,113,80,137,107,97,Shadow Shield,,,7,TRUE,FALSE
793,Nihilego,Rock,Poison,570,109,53,47,127,131,103,Beast Boost,,,7,FALSE,FALSE
794,Buzzwole,Bug,Fighting,570,107,139,139,53,53,79,Beast Boost,,,7,FALSE,FALSE
795,Pheromosa,Bug,Fighting,570,71,137,37,137,37,151,Beast Boost,,,7,FALSE,FALSE
796,Xurkitree,Electric,,570,83,89,71,173,71,83,Beast Boost,,,7,FALSE,FALSE
797,Celesteela,Steel,Flying,570,97,101,103,107,101,61,Beast Boost,,,7,FALSE,FALSE
798,Kartana,Grass,Steel,570,59,181,131,59,31,109,Beast Boost,,,7,FALSE,FALSE
799,Guzzlord,Dark,Dragon,570,223,101,53,97,53,43,Beast Boost,,,7,FALSE,FALSE
800,Necrozma,Psychic,,600,97,107,101,127,89,79,Prism Armor,,,7,TRUE,FALSE
800.1,Dusk Mane Necrozma,Psychic,Steel,680,97,157,127,113,109,77,Prism Armor,,,7,TRUE,FAlSE
800.2,Dawn Wings Necrozma,Psychic,Ghost,680,97,113,109,157,127,77,Prism Armor,,,7,TRUE,FALSE
800.3,Ultra Necrozma,Psychic,Dragon,754,97,167,97,167,97,129,Neuroforce,,,7,TRUE,FALSE
801,Magearna,Steel,Fairy,600,80,95,115,130,115,65,Soul Heart,,,7,TRUE,TRUE
802,Marshadow,Fighting,Ghost,600,90,125,80,90,90,125,Technician,,,7,TRUE,TRUE
802.1,Zenith Marshadow,Fighting,Ghost,600,90,125,80,90,90,125,Technician,,,7,TRUE,TRUE
803,Poipole,Poison,,420,67,73,67,73,67,73,Beast Boost,,,7,FALSE,FALSE
804,Naganadel,Poison,Dragon,540,73,73,73,127,73,121,Beast Boost,,,7,FALSE,FALSE
805,Stakataka,Rock,Steel,570,61,131,211,53,101,13,Beast Boost,,,7,FALSE,FALSE
806,Blacephalon,Fire,Ghost,570,53,127,53,151,79,107,Beast Boost,,,7,FALSE,FALSE
807,Zeraora,Electric,,600,88,112,75,102,80,143,Volt Absorb,,,7,TRUE,TRUE
808,Meltan,Steel,,300,65,46,65,55,35,34,Magnet Pull,,,7,TRUE,TRUE
809,Melmetal,Steel,,600,135,143,143,80,65,34,Iron Fist,,,7,TRUE,TRUE
